INSERT INTO NT_AUTHORITY (AUTHORITY_NAME) values ('ROLE_ADMIN');
INSERT INTO NT_AUTHORITY (AUTHORITY_NAME) values ('ROLE_MANAGER');
INSERT INTO NT_AUTHORITY (AUTHORITY_NAME) values ('ROLE_USER');
INSERT INTO NT_AUTHORITY (AUTHORITY_NAME) values ('ROLE_DATA');
INSERT INTO NT_AUTHORITY (AUTHORITY_NAME) values ('ROLE_CAMERA_ADMIN');
INSERT INTO NT_AUTHORITY (AUTHORITY_NAME) values ('ROLE_CAMERA');
INSERT INTO NT_AUTHORITY (AUTHORITY_NAME) values ('ROLE_AVL_CAR');

INSERT INTO NT_USER (USERNAME, NICKNAME, PASSWORD, EMAIL, PHONE, ENABLED, CREATED_DATE, MODIFIED_DATE) VALUES ('admin', '최고관리자', '$2a$10$HE1DiNZZFBMrKz/pNrXvceOfOQ.OsztK1wBCvkl0nGETWyb9Q2xgy', null, null, true, NOW(), NOW());
INSERT INTO NT_USER (USERNAME, NICKNAME, PASSWORD, EMAIL, PHONE, ENABLED, CREATED_DATE, MODIFIED_DATE) VALUES ('sjkim', '김수진', '$2a$10$HE1DiNZZFBMrKz/pNrXvceOfOQ.OsztK1wBCvkl0nGETWyb9Q2xgy', 'sjkim@emgglobal.co.kr', '01083830548', true, NOW(), NOW());
INSERT INTO NT_USER (USERNAME, NICKNAME, PASSWORD, EMAIL, PHONE, ENABLED, CREATED_DATE, MODIFIED_DATE) VALUES ('ihbae', '배인호', '$2a$10$HE1DiNZZFBMrKz/pNrXvceOfOQ.OsztK1wBCvkl0nGETWyb9Q2xgy', 'inho.bae@e4motion.com', '01028379525', true, NOW(), NOW());
INSERT INTO NT_USER (USERNAME, NICKNAME, PASSWORD, EMAIL, PHONE, ENABLED, CREATED_DATE, MODIFIED_DATE) VALUES ('guest', '게스트', '$2a$10$d35BUgJOnjGasVEbRQxXAeOWau7HlH.KjXcuLXjALRSJlP0mHrfx2', null, null, true, NOW(), NOW());
INSERT INTO NT_USER (USERNAME, NICKNAME, PASSWORD, EMAIL, PHONE, ENABLED, CREATED_DATE, MODIFIED_DATE) VALUES ('algorithm', '알고리즘', '$2a$10$d35BUgJOnjGasVEbRQxXAeOWau7HlH.KjXcuLXjALRSJlP0mHrfx2', null, null, true, NOW(), NOW());
INSERT INTO NT_USER (USERNAME, NICKNAME, PASSWORD, EMAIL, PHONE, ENABLED, CREATED_DATE, MODIFIED_DATE) VALUES ('simulator', '시뮬레이터', '$2a$10$d35BUgJOnjGasVEbRQxXAeOWau7HlH.KjXcuLXjALRSJlP0mHrfx2', null, null, true, NOW(), NOW());
INSERT INTO NT_USER (USERNAME, NICKNAME, PASSWORD, EMAIL, PHONE, ENABLED, CREATED_DATE, MODIFIED_DATE) VALUES ('cameraadmin', '카메라관리자', '$2a$10$d35BUgJOnjGasVEbRQxXAeOWau7HlH.KjXcuLXjALRSJlP0mHrfx2', null, null, true, NOW(), NOW());

INSERT INTO NT_USER_AUTHORITY (USER_ID, AUTHORITY_NAME) values (1, 'ROLE_ADMIN');
INSERT INTO NT_USER_AUTHORITY (USER_ID, AUTHORITY_NAME) values (2, 'ROLE_MANAGER');
INSERT INTO NT_USER_AUTHORITY (USER_ID, AUTHORITY_NAME) values (3, 'ROLE_MANAGER');
INSERT INTO NT_USER_AUTHORITY (USER_ID, AUTHORITY_NAME) values (4, 'ROLE_USER');
INSERT INTO NT_USER_AUTHORITY (USER_ID, AUTHORITY_NAME) values (5, 'ROLE_DATA');
INSERT INTO NT_USER_AUTHORITY (USER_ID, AUTHORITY_NAME) values (6, 'ROLE_DATA');
INSERT INTO NT_USER_AUTHORITY (USER_ID, AUTHORITY_NAME) values (7, 'ROLE_CAMERA_ADMIN');

INSERT INTO NT_REGION (REGION_NO, REGION_NAME, CREATED_DATE, MODIFIED_DATE) VALUES ('R01', '예비사업구역', Now(), Now());

INSERT INTO NT_REGION_GPS (REGION_ID, LATITUDE, LONGITUDE, GPS_ORDER, CREATED_DATE, MODIFIED_DATE) VALUES (1, 35.901305669780676,128.5914788059158, 1, Now(), Now());
INSERT INTO NT_REGION_GPS (REGION_ID, LATITUDE, LONGITUDE, GPS_ORDER, CREATED_DATE, MODIFIED_DATE) VALUES (1, 35.89982656675024,128.57928816722503, 2, Now(), Now());
INSERT INTO NT_REGION_GPS (REGION_ID, LATITUDE, LONGITUDE, GPS_ORDER, CREATED_DATE, MODIFIED_DATE) VALUES (1, 35.901870123871525,128.5705123470394, 3, Now(), Now());
INSERT INTO NT_REGION_GPS (REGION_ID, LATITUDE, LONGITUDE, GPS_ORDER, CREATED_DATE, MODIFIED_DATE) VALUES (1, 35.89112066043087,128.54050971924747, 4, Now(), Now());
INSERT INTO NT_REGION_GPS (REGION_ID, LATITUDE, LONGITUDE, GPS_ORDER, CREATED_DATE, MODIFIED_DATE) VALUES (1, 35.88200133794955,128.53344553175913, 5, Now(), Now());
INSERT INTO NT_REGION_GPS (REGION_ID, LATITUDE, LONGITUDE, GPS_ORDER, CREATED_DATE, MODIFIED_DATE) VALUES (1, 35.868682499890305,128.53766165345868, 6, Now(), Now());
INSERT INTO NT_REGION_GPS (REGION_ID, LATITUDE, LONGITUDE, GPS_ORDER, CREATED_DATE, MODIFIED_DATE) VALUES (1, 35.85693466915604,128.537412567594, 7, Now(), Now());
INSERT INTO NT_REGION_GPS (REGION_ID, LATITUDE, LONGITUDE, GPS_ORDER, CREATED_DATE, MODIFIED_DATE) VALUES (1, 35.84905287214282,128.55605487235195, 8, Now(), Now());
INSERT INTO NT_REGION_GPS (REGION_ID, LATITUDE, LONGITUDE, GPS_ORDER, CREATED_DATE, MODIFIED_DATE) VALUES (1, 35.85213576351856,128.56707343788267, 9, Now(), Now());
INSERT INTO NT_REGION_GPS (REGION_ID, LATITUDE, LONGITUDE, GPS_ORDER, CREATED_DATE, MODIFIED_DATE) VALUES (1, 35.85878113680491,128.57435541765815, 10, Now(), Now());
INSERT INTO NT_REGION_GPS (REGION_ID, LATITUDE, LONGITUDE, GPS_ORDER, CREATED_DATE, MODIFIED_DATE) VALUES (1, 35.8612050806595,128.59010095572458, 11, Now(), Now());
INSERT INTO NT_REGION_GPS (REGION_ID, LATITUDE, LONGITUDE, GPS_ORDER, CREATED_DATE, MODIFIED_DATE) VALUES (1, 35.863273110468704,128.60265193699237, 12, Now(), Now());
INSERT INTO NT_REGION_GPS (REGION_ID, LATITUDE, LONGITUDE, GPS_ORDER, CREATED_DATE, MODIFIED_DATE) VALUES (1, 35.87384659418598,128.61251965279797, 13, Now(), Now());
INSERT INTO NT_REGION_GPS (REGION_ID, LATITUDE, LONGITUDE, GPS_ORDER, CREATED_DATE, MODIFIED_DATE) VALUES (1, 35.88344656008395,128.6089493624319, 14, Now(), Now());
INSERT INTO NT_REGION_GPS (REGION_ID, LATITUDE, LONGITUDE, GPS_ORDER, CREATED_DATE, MODIFIED_DATE) VALUES (1, 35.89169718449322,128.59301406331522, 15, Now(), Now());

--INSERT INTO NT_INTERSECTION (INTERSECTION_ID, INTERSECTION_NAME, LATITUDE, LONGITUDE, REGION_ID, NATIONAL_ID) VALUES ('I0001','이현삼거리', 35.8784855520347,128.539885742538,'R01',1520005300);
--INSERT INTO NT_INTERSECTION (INTERSECTION_ID, INTERSECTION_NAME, LATITUDE, LONGITUDE, REGION_ID, NATIONAL_ID) VALUES ('I0002','배고개삼거리', 35.8787525882359,128.547154632069,'R01',1520005400);
--INSERT INTO NT_INTERSECTION (INTERSECTION_ID, INTERSECTION_NAME, LATITUDE, LONGITUDE, REGION_ID, NATIONAL_ID) VALUES ('I0003','평리네거리', 35.879024354206,128.554894247487,'R01',1520001200);
--INSERT INTO NT_INTERSECTION (INTERSECTION_ID, INTERSECTION_NAME, LATITUDE, LONGITUDE, REGION_ID, NATIONAL_ID) VALUES ('I0004','대평중네거리', 35.8793054074112,128.563093610102,'R01',1520005600);
--INSERT INTO NT_INTERSECTION (INTERSECTION_ID, INTERSECTION_NAME, LATITUDE, LONGITUDE, REGION_ID, NATIONAL_ID) VALUES ('I0005','북비산네거리', 35.8795650131115,128.571339656397,'R01',1520005700);
--INSERT INTO NT_INTERSECTION (INTERSECTION_ID, INTERSECTION_NAME, LATITUDE, LONGITUDE, REGION_ID, NATIONAL_ID) VALUES ('I0006','만평네거리', 35.8896658500902,128.562264585427,'R01',1540000200);
--INSERT INTO NT_INTERSECTION (INTERSECTION_ID, INTERSECTION_NAME, LATITUDE, LONGITUDE, REGION_ID, NATIONAL_ID) VALUES ('I0007','서부소방서네거리', 35.8821563505053,128.555550660573,'R01',1520001600);
--INSERT INTO NT_INTERSECTION (INTERSECTION_ID, INTERSECTION_NAME, LATITUDE, LONGITUDE, REGION_ID, NATIONAL_ID) VALUES ('I0008','평리광명네거리', 35.8755388300978,128.554920233084,'R01',1520001000);
--INSERT INTO NT_INTERSECTION (INTERSECTION_ID, INTERSECTION_NAME, LATITUDE, LONGITUDE, REGION_ID, NATIONAL_ID) VALUES ('I0009','신평리네거리', 35.8704604975221,128.554948309025,'R01',1520000700);
--INSERT INTO NT_INTERSECTION (INTERSECTION_ID, INTERSECTION_NAME, LATITUDE, LONGITUDE, REGION_ID, NATIONAL_ID) VALUES ('I0010','남평리네거리', 35.8635097793365,128.556212929768,'R01',1520000600);
--INSERT INTO NT_INTERSECTION (INTERSECTION_ID, INTERSECTION_NAME, LATITUDE, LONGITUDE, REGION_ID, NATIONAL_ID) VALUES ('I0011','달성네거리', 35.8776447292777,128.581529976902,'R01',1500007100);
--INSERT INTO NT_INTERSECTION (INTERSECTION_ID, INTERSECTION_NAME, LATITUDE, LONGITUDE, REGION_ID, NATIONAL_ID) VALUES ('I0012','태평네거리', 35.8764006613817,128.588054536821,'R01',1500006900);
--INSERT INTO NT_INTERSECTION (INTERSECTION_ID, INTERSECTION_NAME, LATITUDE, LONGITUDE, REGION_ID, NATIONAL_ID) VALUES ('I0013','대구역네거리', 35.8750852588729,128.59483488435,'R01',1500006800);
--INSERT INTO NT_INTERSECTION (INTERSECTION_ID, INTERSECTION_NAME, LATITUDE, LONGITUDE, REGION_ID, NATIONAL_ID) VALUES ('I0014','교동네거리', 35.8737439634793,128.601332145306,'R01',1500006500);
--INSERT INTO NT_INTERSECTION (INTERSECTION_ID, INTERSECTION_NAME, LATITUDE, LONGITUDE, REGION_ID, NATIONAL_ID) VALUES ('I0015','동인네거리', 35.8725119714021,128.604515395286,'R01',1500005900);
--INSERT INTO NT_INTERSECTION (INTERSECTION_ID, INTERSECTION_NAME, LATITUDE, LONGITUDE, REGION_ID, NATIONAL_ID) VALUES ('I0016','서대구전화국네거리', 35.87189799,128.562901,'R01',1520004300);
--INSERT INTO NT_INTERSECTION (INTERSECTION_ID, INTERSECTION_NAME, LATITUDE, LONGITUDE, REGION_ID, NATIONAL_ID) VALUES ('I0017','비산네거리', 35.87224499,128.571146,'R01',1520004500);
--INSERT INTO NT_INTERSECTION (INTERSECTION_ID, INTERSECTION_NAME, LATITUDE, LONGITUDE, REGION_ID, NATIONAL_ID) VALUES ('I0018','동산네거리', 35.87059399,128.582247,'R01',1500005200);
--INSERT INTO NT_INTERSECTION (INTERSECTION_ID, INTERSECTION_NAME, LATITUDE, LONGITUDE, REGION_ID, NATIONAL_ID) VALUES ('I0019','서성네거리', 35.87005999,128.587286,'R01',1500004700);
--INSERT INTO NT_INTERSECTION (INTERSECTION_ID, INTERSECTION_NAME, LATITUDE, LONGITUDE, REGION_ID, NATIONAL_ID) VALUES ('I9001','원대오거리', 35.88760599,128.575916,'-',1540011800);
--INSERT INTO NT_INTERSECTION (INTERSECTION_ID, INTERSECTION_NAME, LATITUDE, LONGITUDE, REGION_ID, NATIONAL_ID) VALUES ('I9002','팔달교네거리', 35.89398199,128.551792,'-',1540001200);
--INSERT INTO NT_INTERSECTION (INTERSECTION_ID, INTERSECTION_NAME, LATITUDE, LONGITUDE, REGION_ID, NATIONAL_ID) VALUES ('I9003','노원네거리', 35.89942999,128.57933,'-',1540002600);
--INSERT INTO NT_INTERSECTION (INTERSECTION_ID, INTERSECTION_NAME, LATITUDE, LONGITUDE, REGION_ID, NATIONAL_ID) VALUES ('I9004','비산지하차도북편네거리', 35.88413735,128.5731639,'-',1520008600);
--INSERT INTO NT_INTERSECTION (INTERSECTION_ID, INTERSECTION_NAME, LATITUDE, LONGITUDE, REGION_ID, NATIONAL_ID) VALUES ('I9005','서평지하차도북편네거리', 35.88249699,128.549469,'-',1520005900);
--INSERT INTO NT_INTERSECTION (INTERSECTION_ID, INTERSECTION_NAME, LATITUDE, LONGITUDE, REGION_ID, NATIONAL_ID) VALUES ('I9006','평리1동사무소네거리', 35.87574599,128.563001,'-',1520005000);
--INSERT INTO NT_INTERSECTION (INTERSECTION_ID, INTERSECTION_NAME, LATITUDE, LONGITUDE, REGION_ID, NATIONAL_ID) VALUES ('I9007','서구어린이도서관네거리', 35.87402199,128.54686,'-',1520004600);
--INSERT INTO NT_INTERSECTION (INTERSECTION_ID, INTERSECTION_NAME, LATITUDE, LONGITUDE, REGION_ID, NATIONAL_ID) VALUES ('I9008','중리네거리', 35.86893799,128.546586,'-',1520004000);
--INSERT INTO NT_INTERSECTION (INTERSECTION_ID, INTERSECTION_NAME, LATITUDE, LONGITUDE, REGION_ID, NATIONAL_ID) VALUES ('I9009','두류네거리', 35.85790199,128.557451,'-',1520000200);
--INSERT INTO NT_INTERSECTION (INTERSECTION_ID, INTERSECTION_NAME, LATITUDE, LONGITUDE, REGION_ID, NATIONAL_ID) VALUES ('I9010','내당1동우체국네거리', 35.86572099,128.563836,'-',1520003200);
--INSERT INTO NT_INTERSECTION (INTERSECTION_ID, INTERSECTION_NAME, LATITUDE, LONGITUDE, REGION_ID, NATIONAL_ID) VALUES ('I9011','당산네거리', 35.86113399,128.546116,'-',1520002300);
--INSERT INTO NT_INTERSECTION (INTERSECTION_ID, INTERSECTION_NAME, LATITUDE, LONGITUDE, REGION_ID, NATIONAL_ID) VALUES ('I9012','자동차검사소입구네거리',35.87431199,128.538945,'-',1520004700);
--INSERT INTO NT_INTERSECTION (INTERSECTION_ID, INTERSECTION_NAME, LATITUDE, LONGITUDE, REGION_ID, NATIONAL_ID) VALUES ('I9013','서대구IC입구삼거리', 35.87839999,128.534952,'-',1520005200);
--INSERT INTO NT_INTERSECTION (INTERSECTION_ID, INTERSECTION_NAME, LATITUDE, LONGITUDE, REGION_ID, NATIONAL_ID) VALUES ('I9014','북비산초입구삼거리', 35.88282938,128.5631555,'-',1520008400);
--INSERT INTO NT_INTERSECTION (INTERSECTION_ID, INTERSECTION_NAME, LATITUDE, LONGITUDE, REGION_ID, NATIONAL_ID) VALUES ('I9015','고성동사무소사거리', 35.88017099,128.58032,'-',1540009400);
--INSERT INTO NT_INTERSECTION (INTERSECTION_ID, INTERSECTION_NAME, LATITUDE, LONGITUDE, REGION_ID, NATIONAL_ID) VALUES ('I9016','태평지하차도북편사거리', 35.87899299,128.588805,'-',1540009000);
--INSERT INTO NT_INTERSECTION (INTERSECTION_ID, INTERSECTION_NAME, LATITUDE, LONGITUDE, REGION_ID, NATIONAL_ID) VALUES ('I9017','중앙네거리', 35.87098799,128.594066,'-',1500005400);
--INSERT INTO NT_INTERSECTION (INTERSECTION_ID, INTERSECTION_NAME, LATITUDE, LONGITUDE, REGION_ID, NATIONAL_ID) VALUES ('I9018','대구역북편네거리', 35.87774199,128.595155,'-',1540008700);
--INSERT INTO NT_INTERSECTION (INTERSECTION_ID, INTERSECTION_NAME, LATITUDE, LONGITUDE, REGION_ID, NATIONAL_ID) VALUES ('I9019','공평네거리', 35.87002199,128.600333,'-',1500004600);
--INSERT INTO NT_INTERSECTION (INTERSECTION_ID, INTERSECTION_NAME, LATITUDE, LONGITUDE, REGION_ID, NATIONAL_ID) VALUES ('I9020','대성시장네거리', 35.87653399,128.601376,'-',1540008400);
--INSERT INTO NT_INTERSECTION (INTERSECTION_ID, INTERSECTION_NAME, LATITUDE, LONGITUDE, REGION_ID, NATIONAL_ID) VALUES ('I9021','종각네거리', 35.86922599,128.604073,'-',1500004400);
--INSERT INTO NT_INTERSECTION (INTERSECTION_ID, INTERSECTION_NAME, LATITUDE, LONGITUDE, REGION_ID, NATIONAL_ID) VALUES ('I9022','신천교네거리', 35.87352199,128.61095,'-',1500006200);
--INSERT INTO NT_INTERSECTION (INTERSECTION_ID, INTERSECTION_NAME, LATITUDE, LONGITUDE, REGION_ID, NATIONAL_ID) VALUES ('I9023','칠성교네거리', 35.87598799,128.606284,'-',1540008100);
--INSERT INTO NT_INTERSECTION (INTERSECTION_ID, INTERSECTION_NAME, LATITUDE, LONGITUDE, REGION_ID, NATIONAL_ID) VALUES ('I9024','달서로평리로삼거리', 35.86708599,128.571003,'-',1520003400);
--INSERT INTO NT_INTERSECTION (INTERSECTION_ID, INTERSECTION_NAME, LATITUDE, LONGITUDE, REGION_ID, NATIONAL_ID) VALUES ('I9025','신남네거리', 35.86487899,128.582338,'-',1500000600);
--INSERT INTO NT_INTERSECTION (INTERSECTION_ID, INTERSECTION_NAME, LATITUDE, LONGITUDE, REGION_ID, NATIONAL_ID) VALUES ('I9026','계산오거리', 35.86643999,128.587595,'-',1500000800);
--
--INSERT INTO NT_LINK (START_ID, END_ID, START_NAME, END_NAME, LINK_ID) VALUES ('I0001','I9013','이현삼거리','서대구IC입구삼거리','1');
--INSERT INTO NT_LINK (START_ID, END_ID, START_NAME, END_NAME, LINK_ID) VALUES ('I0003','I0002','평리네거리','배고개삼거리','10');
--INSERT INTO NT_LINK (START_ID, END_ID, START_NAME, END_NAME, LINK_ID) VALUES ('I9025','I0018','신남네거리','동산네거리','100');
--INSERT INTO NT_LINK (START_ID, END_ID, START_NAME, END_NAME, LINK_ID) VALUES ('I0018','I0019','동산네거리','서성네거리','101');
--INSERT INTO NT_LINK (START_ID, END_ID, START_NAME, END_NAME, LINK_ID) VALUES ('I0019','I0018','서성네거리','동산네거리','102');
--INSERT INTO NT_LINK (START_ID, END_ID, START_NAME, END_NAME, LINK_ID) VALUES ('I0019','I9026','서성네거리','계산오거리','103');
--INSERT INTO NT_LINK (START_ID, END_ID, START_NAME, END_NAME, LINK_ID) VALUES ('I9026','I0019','계산오거리','서성네거리','104');
--INSERT INTO NT_LINK (START_ID, END_ID, START_NAME, END_NAME, LINK_ID) VALUES ('I0019','I9017','서성네거리','중앙네거리','105');
--INSERT INTO NT_LINK (START_ID, END_ID, START_NAME, END_NAME, LINK_ID) VALUES ('I9017','I0019','중앙네거리','서성네거리','106');
--INSERT INTO NT_LINK (START_ID, END_ID, START_NAME, END_NAME, LINK_ID) VALUES ('I0003','I0008','평리네거리','평리광명네거리','11');
--INSERT INTO NT_LINK (START_ID, END_ID, START_NAME, END_NAME, LINK_ID) VALUES ('I0008','I0003','평리광명네거리','평리네거리','12');
--INSERT INTO NT_LINK (START_ID, END_ID, START_NAME, END_NAME, LINK_ID) VALUES ('I0003','I0004','평리네거리','대평중네거리','13');
--INSERT INTO NT_LINK (START_ID, END_ID, START_NAME, END_NAME, LINK_ID) VALUES ('I0004','I0003','대평중네거리','평리네거리','14');
--INSERT INTO NT_LINK (START_ID, END_ID, START_NAME, END_NAME, LINK_ID) VALUES ('I0003','I0007','평리네거리','서부소방서네거리','15');
--INSERT INTO NT_LINK (START_ID, END_ID, START_NAME, END_NAME, LINK_ID) VALUES ('I0007','I0003','서부소방서네거리','평리네거리','16');
--INSERT INTO NT_LINK (START_ID, END_ID, START_NAME, END_NAME, LINK_ID) VALUES ('I0004','I9014','대평중네거리','북비산초입구삼거리','17');
--INSERT INTO NT_LINK (START_ID, END_ID, START_NAME, END_NAME, LINK_ID) VALUES ('I9014','I0004','북비산초입구삼거리','대평중네거리','18');
--INSERT INTO NT_LINK (START_ID, END_ID, START_NAME, END_NAME, LINK_ID) VALUES ('I0004','I0005','대평중네거리','북비산네거리','19');
--INSERT INTO NT_LINK (START_ID, END_ID, START_NAME, END_NAME, LINK_ID) VALUES ('I9013','I0001','서대구IC입구삼거리','이현삼거리','2');
--INSERT INTO NT_LINK (START_ID, END_ID, START_NAME, END_NAME, LINK_ID) VALUES ('I0005','I0004','북비산네거리','대평중네거리','20');
--INSERT INTO NT_LINK (START_ID, END_ID, START_NAME, END_NAME, LINK_ID) VALUES ('I0004','I9006','대평중네거리','평리1동사무소네거리','21');
--INSERT INTO NT_LINK (START_ID, END_ID, START_NAME, END_NAME, LINK_ID) VALUES ('I9006','I0004','평리1동사무소네거리','대평중네거리','22');
--INSERT INTO NT_LINK (START_ID, END_ID, START_NAME, END_NAME, LINK_ID) VALUES ('I0005','I0017','북비산네거리','비산네거리','23');
--INSERT INTO NT_LINK (START_ID, END_ID, START_NAME, END_NAME, LINK_ID) VALUES ('I0017','I0005','비산네거리','북비산네거리','24');
--INSERT INTO NT_LINK (START_ID, END_ID, START_NAME, END_NAME, LINK_ID) VALUES ('I0005','I0011','북비산네거리','달성네거리','25');
--INSERT INTO NT_LINK (START_ID, END_ID, START_NAME, END_NAME, LINK_ID) VALUES ('I0011','I0005','달성네거리','북비산네거리','26');
--INSERT INTO NT_LINK (START_ID, END_ID, START_NAME, END_NAME, LINK_ID) VALUES ('I0005','I9004','북비산네거리','비산지하차도북편네거리','27');
--INSERT INTO NT_LINK (START_ID, END_ID, START_NAME, END_NAME, LINK_ID) VALUES ('I9004','I0005','비산지하차도북편네거리','북비산네거리','28');
--INSERT INTO NT_LINK (START_ID, END_ID, START_NAME, END_NAME, LINK_ID) VALUES ('I0006','I9003','만평네거리','노원네거리','29');
--INSERT INTO NT_LINK (START_ID, END_ID, START_NAME, END_NAME, LINK_ID) VALUES ('I0001','I9012','이현삼거리','자동차검사소입구네거리','3');
--INSERT INTO NT_LINK (START_ID, END_ID, START_NAME, END_NAME, LINK_ID) VALUES ('I9003','I0006','노원네거리','만평네거리','30');
--INSERT INTO NT_LINK (START_ID, END_ID, START_NAME, END_NAME, LINK_ID) VALUES ('I0006','I9002','만평네거리','팔달교네거리','31');
--INSERT INTO NT_LINK (START_ID, END_ID, START_NAME, END_NAME, LINK_ID) VALUES ('I9002','I0006','팔달교네거리','만평네거리','32');
--INSERT INTO NT_LINK (START_ID, END_ID, START_NAME, END_NAME, LINK_ID) VALUES ('I0006','I9001','만평네거리','원대오거리','33');
--INSERT INTO NT_LINK (START_ID, END_ID, START_NAME, END_NAME, LINK_ID) VALUES ('I9001','I0006','원대오거리','만평네거리','34');
--INSERT INTO NT_LINK (START_ID, END_ID, START_NAME, END_NAME, LINK_ID) VALUES ('I0006','I0007','만평네거리','서부소방소네거리','35');
--INSERT INTO NT_LINK (START_ID, END_ID, START_NAME, END_NAME, LINK_ID) VALUES ('I0007','I0006','서부소방소네거리','만평네거리','36');
--INSERT INTO NT_LINK (START_ID, END_ID, START_NAME, END_NAME, LINK_ID) VALUES ('I0007','I9005','서부소방소네거리','서평지하차도북편네거리','37');
--INSERT INTO NT_LINK (START_ID, END_ID, START_NAME, END_NAME, LINK_ID) VALUES ('I9005','I0007','서평지하차도북편네거리','서부소방소네거리','38');
--INSERT INTO NT_LINK (START_ID, END_ID, START_NAME, END_NAME, LINK_ID) VALUES ('I0007','I9004','서부소방소네거리','비산지하차도북편네거리','39');
--INSERT INTO NT_LINK (START_ID, END_ID, START_NAME, END_NAME, LINK_ID) VALUES ('I9012','I0001','자동차검사소입구네거리','이현삼거리','4');
--INSERT INTO NT_LINK (START_ID, END_ID, START_NAME, END_NAME, LINK_ID) VALUES ('I9004','I0007','비산지하차도북편네거리','서부소방소네거리','40');
--INSERT INTO NT_LINK (START_ID, END_ID, START_NAME, END_NAME, LINK_ID) VALUES ('I0008','I9007','평리광명네거리','서구어린이도서관네거리','41');
--INSERT INTO NT_LINK (START_ID, END_ID, START_NAME, END_NAME, LINK_ID) VALUES ('I9007','I0008','서구어린이도서관네거리','평리광명네거리','42');
--INSERT INTO NT_LINK (START_ID, END_ID, START_NAME, END_NAME, LINK_ID) VALUES ('I0008','I9006','평리광명네거리','평리1동사무소네거리','43');
--INSERT INTO NT_LINK (START_ID, END_ID, START_NAME, END_NAME, LINK_ID) VALUES ('I9006','I0008','평리1동사무소네거리','평리광명네거리','44');
--INSERT INTO NT_LINK (START_ID, END_ID, START_NAME, END_NAME, LINK_ID) VALUES ('I0008','I0009','평리광명네거리','신평리네거리','45');
--INSERT INTO NT_LINK (START_ID, END_ID, START_NAME, END_NAME, LINK_ID) VALUES ('I0009','I0008','신평리네거리','평리광명네거리','46');
--INSERT INTO NT_LINK (START_ID, END_ID, START_NAME, END_NAME, LINK_ID) VALUES ('I0009','I9008','신평리네거리','중리네거리','47');
--INSERT INTO NT_LINK (START_ID, END_ID, START_NAME, END_NAME, LINK_ID) VALUES ('I9008','I0009','중리네거리','신평리네거리','48');
--INSERT INTO NT_LINK (START_ID, END_ID, START_NAME, END_NAME, LINK_ID) VALUES ('I0009','I0016','신평리네거리','서대구전화국네거리','49');
--INSERT INTO NT_LINK (START_ID, END_ID, START_NAME, END_NAME, LINK_ID) VALUES ('I0001','I0002','이현삼거리','배고개삼거리','5');
--INSERT INTO NT_LINK (START_ID, END_ID, START_NAME, END_NAME, LINK_ID) VALUES ('I0016','I0009','서대구전화국네거리','신평리네거리','50');
--INSERT INTO NT_LINK (START_ID, END_ID, START_NAME, END_NAME, LINK_ID) VALUES ('I0009','I0010','신평리네거리','남평리네거리','51');
--INSERT INTO NT_LINK (START_ID, END_ID, START_NAME, END_NAME, LINK_ID) VALUES ('I0010','I0009','남평리네거리','신평리네거리','52');
--INSERT INTO NT_LINK (START_ID, END_ID, START_NAME, END_NAME, LINK_ID) VALUES ('I0010','I9011','남평리네거리','당산네거리','53');
--INSERT INTO NT_LINK (START_ID, END_ID, START_NAME, END_NAME, LINK_ID) VALUES ('I9011','I0010','당산네거리','남평리네거리','54');
--INSERT INTO NT_LINK (START_ID, END_ID, START_NAME, END_NAME, LINK_ID) VALUES ('I0010','I9010','남평리네거리','내당1동우체국네거리','55');
--INSERT INTO NT_LINK (START_ID, END_ID, START_NAME, END_NAME, LINK_ID) VALUES ('I9010','I0010','내당1동우체국네거리','남평리네거리','56');
--INSERT INTO NT_LINK (START_ID, END_ID, START_NAME, END_NAME, LINK_ID) VALUES ('I0010','I9009','남평리네거리','두류네거리','57');
--INSERT INTO NT_LINK (START_ID, END_ID, START_NAME, END_NAME, LINK_ID) VALUES ('I9009','I0010','두류네거리','남평리네거리','58');
--INSERT INTO NT_LINK (START_ID, END_ID, START_NAME, END_NAME, LINK_ID) VALUES ('I0011','I0018','달성네거리','동산네거리','59');
--INSERT INTO NT_LINK (START_ID, END_ID, START_NAME, END_NAME, LINK_ID) VALUES ('I0002','I0001','배고개삼거리','이현삼거리','6');
--INSERT INTO NT_LINK (START_ID, END_ID, START_NAME, END_NAME, LINK_ID) VALUES ('I0018','I0011','동산네거리','달성네거리','60');
--INSERT INTO NT_LINK (START_ID, END_ID, START_NAME, END_NAME, LINK_ID) VALUES ('I0011','I0012','달성네거리','태평네거리','61');
--INSERT INTO NT_LINK (START_ID, END_ID, START_NAME, END_NAME, LINK_ID) VALUES ('I0012','I0011','태평네거리','달성네거리','62');
--INSERT INTO NT_LINK (START_ID, END_ID, START_NAME, END_NAME, LINK_ID) VALUES ('I0011','I9015','달성네거리','고성동사무소네거리','63');
--INSERT INTO NT_LINK (START_ID, END_ID, START_NAME, END_NAME, LINK_ID) VALUES ('I9015','I0011','고성동사무소네거리','달성네거리','64');
--INSERT INTO NT_LINK (START_ID, END_ID, START_NAME, END_NAME, LINK_ID) VALUES ('I0012','I0019','태평네거리','서성네거리','65');
--INSERT INTO NT_LINK (START_ID, END_ID, START_NAME, END_NAME, LINK_ID) VALUES ('I0019','I0012','서성네거리','태평네거리','66');
--INSERT INTO NT_LINK (START_ID, END_ID, START_NAME, END_NAME, LINK_ID) VALUES ('I0012','I0013','태평네거리','대구역네거리','67');
--INSERT INTO NT_LINK (START_ID, END_ID, START_NAME, END_NAME, LINK_ID) VALUES ('I0013','I0012','대구역네거리','태평네거리','68');
--INSERT INTO NT_LINK (START_ID, END_ID, START_NAME, END_NAME, LINK_ID) VALUES ('I0012','I9016','태평네거리','태평지하차도북편네거리','69');
--INSERT INTO NT_LINK (START_ID, END_ID, START_NAME, END_NAME, LINK_ID) VALUES ('I0002','I9007','배고개삼거리','서구어린이도서관네거리','7');
--INSERT INTO NT_LINK (START_ID, END_ID, START_NAME, END_NAME, LINK_ID) VALUES ('I9016','I0012','태평지하차도북편네거리','태평네거리','70');
--INSERT INTO NT_LINK (START_ID, END_ID, START_NAME, END_NAME, LINK_ID) VALUES ('I0013','I9017','대구역네거리','중앙네거리','71');
--INSERT INTO NT_LINK (START_ID, END_ID, START_NAME, END_NAME, LINK_ID) VALUES ('I9017','I0013','중앙네거리','대구역네거리','72');
--INSERT INTO NT_LINK (START_ID, END_ID, START_NAME, END_NAME, LINK_ID) VALUES ('I0013','I0014','대구역네거리','교동네거리','73');
--INSERT INTO NT_LINK (START_ID, END_ID, START_NAME, END_NAME, LINK_ID) VALUES ('I0014','I0013','교동네거리','대구역네거리','74');
--INSERT INTO NT_LINK (START_ID, END_ID, START_NAME, END_NAME, LINK_ID) VALUES ('I0013','I9018','대구역네거리','대구역북편네거리','75');
--INSERT INTO NT_LINK (START_ID, END_ID, START_NAME, END_NAME, LINK_ID) VALUES ('I9018','I0013','대구역북편네거리','대구역네거리','76');
--INSERT INTO NT_LINK (START_ID, END_ID, START_NAME, END_NAME, LINK_ID) VALUES ('I0014','I9019','교동네거리','공평네거리','77');
--INSERT INTO NT_LINK (START_ID, END_ID, START_NAME, END_NAME, LINK_ID) VALUES ('I9019','I0014','공평네거리','교동네거리','78');
--INSERT INTO NT_LINK (START_ID, END_ID, START_NAME, END_NAME, LINK_ID) VALUES ('I0014','I0015','교동네거리','동인네거리','79');
--INSERT INTO NT_LINK (START_ID, END_ID, START_NAME, END_NAME, LINK_ID) VALUES ('I9007','I0002','서구어린이도서관네거리','배고개삼거리','8');
--INSERT INTO NT_LINK (START_ID, END_ID, START_NAME, END_NAME, LINK_ID) VALUES ('I0015','I0014','동인네거리','교동네거리','80');
--INSERT INTO NT_LINK (START_ID, END_ID, START_NAME, END_NAME, LINK_ID) VALUES ('I0014','I9020','교동네거리','대성시장네거리','81');
--INSERT INTO NT_LINK (START_ID, END_ID, START_NAME, END_NAME, LINK_ID) VALUES ('I9020','I0014','대성시장네거리','교동네거리','82');
--INSERT INTO NT_LINK (START_ID, END_ID, START_NAME, END_NAME, LINK_ID) VALUES ('I0015','I9021','동인네거리','종각네거리','83');
--INSERT INTO NT_LINK (START_ID, END_ID, START_NAME, END_NAME, LINK_ID) VALUES ('I9021','I0015','종각네거리','동인네거리','84');
--INSERT INTO NT_LINK (START_ID, END_ID, START_NAME, END_NAME, LINK_ID) VALUES ('I0015','I9022','동인네거리','신천교네거리','85');
--INSERT INTO NT_LINK (START_ID, END_ID, START_NAME, END_NAME, LINK_ID) VALUES ('I9022','I0015','신천교네거리','동인네거리','86');
--INSERT INTO NT_LINK (START_ID, END_ID, START_NAME, END_NAME, LINK_ID) VALUES ('I0015','I9023','동인네거리','칠성교네거리','87');
--INSERT INTO NT_LINK (START_ID, END_ID, START_NAME, END_NAME, LINK_ID) VALUES ('I9023','I0015','칠성교네거리','동인네거리','88');
--INSERT INTO NT_LINK (START_ID, END_ID, START_NAME, END_NAME, LINK_ID) VALUES ('I0016','I9006','서대구전화국네거리','평리1동사무소네거리','89');
--INSERT INTO NT_LINK (START_ID, END_ID, START_NAME, END_NAME, LINK_ID) VALUES ('I0002','I0003','배고개삼거리','평리네거리','9');
--INSERT INTO NT_LINK (START_ID, END_ID, START_NAME, END_NAME, LINK_ID) VALUES ('I9006','I0016','평리1동사무소네거리','서대구전화국네거리','90');
--INSERT INTO NT_LINK (START_ID, END_ID, START_NAME, END_NAME, LINK_ID) VALUES ('I0016','I9010','서대구전화국네거리','내당1동우체국네거리','91');
--INSERT INTO NT_LINK (START_ID, END_ID, START_NAME, END_NAME, LINK_ID) VALUES ('I9010','I0016','내당1동우체국네거리','서대구전화국네거리','92');
--INSERT INTO NT_LINK (START_ID, END_ID, START_NAME, END_NAME, LINK_ID) VALUES ('I0016','I0017','서대구전화국네거리','비산네거리','93');
--INSERT INTO NT_LINK (START_ID, END_ID, START_NAME, END_NAME, LINK_ID) VALUES ('I0017','I0016','비산네거리','서대구전화국네거리','94');
--INSERT INTO NT_LINK (START_ID, END_ID, START_NAME, END_NAME, LINK_ID) VALUES ('I0017','I9024','비산네거리','달서로평리로삼거리','95');
--INSERT INTO NT_LINK (START_ID, END_ID, START_NAME, END_NAME, LINK_ID) VALUES ('I9024','I0017','달서로평리로삼거리','비산네거리','96');
--INSERT INTO NT_LINK (START_ID, END_ID, START_NAME, END_NAME, LINK_ID) VALUES ('I0017','I0018','비산네거리','동산네거리','97');
--INSERT INTO NT_LINK (START_ID, END_ID, START_NAME, END_NAME, LINK_ID) VALUES ('I0018','I0017','동산네거리','비산네거리','98');
--INSERT INTO NT_LINK (START_ID, END_ID, START_NAME, END_NAME, LINK_ID) VALUES ('I0018','I9025','동산네거리','신남네거리','99');
--
--INSERT INTO NT_LINK_GPS (LINK_ID, LATITUDE, LONGITUDE) VALUES ('1',35.8786364215925,128.539891431374);
--INSERT INTO NT_LINK_GPS (LINK_ID, LATITUDE, LONGITUDE) VALUES ('1',35.878620765691,128.53724474494);
--INSERT INTO NT_LINK_GPS (LINK_ID, LATITUDE, LONGITUDE) VALUES ('10',35.8791346859466,128.554724776178);
--INSERT INTO NT_LINK_GPS (LINK_ID, LATITUDE, LONGITUDE) VALUES ('10',35.8788874413841,128.547179400531);
--INSERT INTO NT_LINK_GPS (LINK_ID, LATITUDE, LONGITUDE) VALUES ('100',35.86927306577511,128.5823876674989);
--INSERT INTO NT_LINK_GPS (LINK_ID, LATITUDE, LONGITUDE) VALUES ('100',35.8704446845346,128.58237775306918);
--INSERT INTO NT_LINK_GPS (LINK_ID, LATITUDE, LONGITUDE) VALUES ('101',35.8704446845346,128.58237775306918);
--INSERT INTO NT_LINK_GPS (LINK_ID, LATITUDE, LONGITUDE) VALUES ('101',35.870553138409704,128.5840627833734);
--INSERT INTO NT_LINK_GPS (LINK_ID, LATITUDE, LONGITUDE) VALUES ('101',35.87054379021614,128.58425911697398);
--INSERT INTO NT_LINK_GPS (LINK_ID, LATITUDE, LONGITUDE) VALUES ('101',35.87050620976898,128.58454622841927);
--INSERT INTO NT_LINK_GPS (LINK_ID, LATITUDE, LONGITUDE) VALUES ('101',35.86993586200876,128.58713389215046);
--INSERT INTO NT_LINK_GPS (LINK_ID, LATITUDE, LONGITUDE) VALUES ('102',35.87019683237862,128.58716124064654);
--INSERT INTO NT_LINK_GPS (LINK_ID, LATITUDE, LONGITUDE) VALUES ('102',35.87071068027985,128.5847578920515);
--INSERT INTO NT_LINK_GPS (LINK_ID, LATITUDE, LONGITUDE) VALUES ('102',35.87076620638907,128.5844766731296);
--INSERT INTO NT_LINK_GPS (LINK_ID, LATITUDE, LONGITUDE) VALUES ('102',35.87079136802546,128.58410627669585);
--INSERT INTO NT_LINK_GPS (LINK_ID, LATITUDE, LONGITUDE) VALUES ('102',35.87070387803511,128.58236906831075);
--INSERT INTO NT_LINK_GPS (LINK_ID, LATITUDE, LONGITUDE) VALUES ('103',35.86993586200876,128.58713389215046);
--INSERT INTO NT_LINK_GPS (LINK_ID, LATITUDE, LONGITUDE) VALUES ('103',35.868786452824956,128.58699748520246);
--INSERT INTO NT_LINK_GPS (LINK_ID, LATITUDE, LONGITUDE) VALUES ('104',35.868792317309676,128.58723563477184);
--INSERT INTO NT_LINK_GPS (LINK_ID, LATITUDE, LONGITUDE) VALUES ('104',35.86991706092095,128.58736324951977);
--INSERT INTO NT_LINK_GPS (LINK_ID, LATITUDE, LONGITUDE) VALUES ('105',35.86991706092095,128.58736324951977);
--INSERT INTO NT_LINK_GPS (LINK_ID, LATITUDE, LONGITUDE) VALUES ('105',35.870152084299356,128.58901205169687);
--INSERT INTO NT_LINK_GPS (LINK_ID, LATITUDE, LONGITUDE) VALUES ('106',35.87039591459657,128.58897263512185);
--INSERT INTO NT_LINK_GPS (LINK_ID, LATITUDE, LONGITUDE) VALUES ('106',35.87017781178461,128.58740720159443);
--INSERT INTO NT_LINK_GPS (LINK_ID, LATITUDE, LONGITUDE) VALUES ('11',35.8788936542214,128.554722833226);
--INSERT INTO NT_LINK_GPS (LINK_ID, LATITUDE, LONGITUDE) VALUES ('11',35.8766904762993,128.55471299037);
--INSERT INTO NT_LINK_GPS (LINK_ID, LATITUDE, LONGITUDE) VALUES ('11',35.8755998261162,128.554733196432);
--INSERT INTO NT_LINK_GPS (LINK_ID, LATITUDE, LONGITUDE) VALUES ('12',35.8756241973959,128.55511289864);
--INSERT INTO NT_LINK_GPS (LINK_ID, LATITUDE, LONGITUDE) VALUES ('12',35.8769130497808,128.555096572413);
--INSERT INTO NT_LINK_GPS (LINK_ID, LATITUDE, LONGITUDE) VALUES ('12',35.8788803452747,128.555054755384);
--INSERT INTO NT_LINK_GPS (LINK_ID, LATITUDE, LONGITUDE) VALUES ('13',35.8788803452747,128.555054755384);
--INSERT INTO NT_LINK_GPS (LINK_ID, LATITUDE, LONGITUDE) VALUES ('13',35.878992286541,128.557542777594);
--INSERT INTO NT_LINK_GPS (LINK_ID, LATITUDE, LONGITUDE) VALUES ('13',35.8791017051691,128.56056778551);
--INSERT INTO NT_LINK_GPS (LINK_ID, LATITUDE, LONGITUDE) VALUES ('13',35.8791871526975,128.563005472275);
--INSERT INTO NT_LINK_GPS (LINK_ID, LATITUDE, LONGITUDE) VALUES ('14',35.8794306160334,128.562993647156);
--INSERT INTO NT_LINK_GPS (LINK_ID, LATITUDE, LONGITUDE) VALUES ('14',35.8793281570375,128.560478109598);
--INSERT INTO NT_LINK_GPS (LINK_ID, LATITUDE, LONGITUDE) VALUES ('14',35.8792319630086,128.55747549765);
--INSERT INTO NT_LINK_GPS (LINK_ID, LATITUDE, LONGITUDE) VALUES ('14',35.8791460447384,128.55506548618);
--INSERT INTO NT_LINK_GPS (LINK_ID, LATITUDE, LONGITUDE) VALUES ('15',35.8791460447384,128.55506548618);
--INSERT INTO NT_LINK_GPS (LINK_ID, LATITUDE, LONGITUDE) VALUES ('15',35.8803623211996,128.555086497019);
--INSERT INTO NT_LINK_GPS (LINK_ID, LATITUDE, LONGITUDE) VALUES ('15',35.880569317514,128.555107153547);
--INSERT INTO NT_LINK_GPS (LINK_ID, LATITUDE, LONGITUDE) VALUES ('15',35.8809421953265,128.55519195521);
--INSERT INTO NT_LINK_GPS (LINK_ID, LATITUDE, LONGITUDE) VALUES ('15',35.8813884669019,128.555350168);
--INSERT INTO NT_LINK_GPS (LINK_ID, LATITUDE, LONGITUDE) VALUES ('15',35.8821116209257,128.555699273826);
--INSERT INTO NT_LINK_GPS (LINK_ID, LATITUDE, LONGITUDE) VALUES ('16',35.882062548728,128.555313520774);
--INSERT INTO NT_LINK_GPS (LINK_ID, LATITUDE, LONGITUDE) VALUES ('16',35.8814178296865,128.554996403127);
--INSERT INTO NT_LINK_GPS (LINK_ID, LATITUDE, LONGITUDE) VALUES ('16',35.8812047573473,128.554923030726);
--INSERT INTO NT_LINK_GPS (LINK_ID, LATITUDE, LONGITUDE) VALUES ('16',35.8806075095391,128.554767406023);
--INSERT INTO NT_LINK_GPS (LINK_ID, LATITUDE, LONGITUDE) VALUES ('16',35.8801911927842,128.554731585869);
--INSERT INTO NT_LINK_GPS (LINK_ID, LATITUDE, LONGITUDE) VALUES ('16',35.8791346859466,128.554724776178);
--INSERT INTO NT_LINK_GPS (LINK_ID, LATITUDE, LONGITUDE) VALUES ('17',35.8794394280736,128.563182058036);
--INSERT INTO NT_LINK_GPS (LINK_ID, LATITUDE, LONGITUDE) VALUES ('17',35.8805386169858,128.56319812388);
--INSERT INTO NT_LINK_GPS (LINK_ID, LATITUDE, LONGITUDE) VALUES ('18',35.8805180393109,128.563048234533);
--INSERT INTO NT_LINK_GPS (LINK_ID, LATITUDE, LONGITUDE) VALUES ('18',35.8794306160334,128.562993647156);
--INSERT INTO NT_LINK_GPS (LINK_ID, LATITUDE, LONGITUDE) VALUES ('19',35.87919138811,128.563199329023);
--INSERT INTO NT_LINK_GPS (LINK_ID, LATITUDE, LONGITUDE) VALUES ('19',35.8793398167302,128.567022358574);
--INSERT INTO NT_LINK_GPS (LINK_ID, LATITUDE, LONGITUDE) VALUES ('19',35.8794436229328,128.570113714467);
--INSERT INTO NT_LINK_GPS (LINK_ID, LATITUDE, LONGITUDE) VALUES ('19',35.8794477423837,128.571176784181);
--INSERT INTO NT_LINK_GPS (LINK_ID, LATITUDE, LONGITUDE) VALUES ('2',35.8783740026856,128.537162467214);
--INSERT INTO NT_LINK_GPS (LINK_ID, LATITUDE, LONGITUDE) VALUES ('2',35.8784088145559,128.539720934644);
--INSERT INTO NT_LINK_GPS (LINK_ID, LATITUDE, LONGITUDE) VALUES ('20',35.8796904093194,128.571225868924);
--INSERT INTO NT_LINK_GPS (LINK_ID, LATITUDE, LONGITUDE) VALUES ('20',35.8796848429788,128.570273495703);
--INSERT INTO NT_LINK_GPS (LINK_ID, LATITUDE, LONGITUDE) VALUES ('20',35.8796467763736,128.569049197018);
--INSERT INTO NT_LINK_GPS (LINK_ID, LATITUDE, LONGITUDE) VALUES ('20',35.8795051854472,128.565397913213);
--INSERT INTO NT_LINK_GPS (LINK_ID, LATITUDE, LONGITUDE) VALUES ('20',35.8794394280736,128.563182058036);
--INSERT INTO NT_LINK_GPS (LINK_ID, LATITUDE, LONGITUDE) VALUES ('21',35.8791871526975,128.563005472275);
--INSERT INTO NT_LINK_GPS (LINK_ID, LATITUDE, LONGITUDE) VALUES ('21',35.8777932736691,128.562955938299);
--INSERT INTO NT_LINK_GPS (LINK_ID, LATITUDE, LONGITUDE) VALUES ('22',35.8778139236363,128.563100287589);
--INSERT INTO NT_LINK_GPS (LINK_ID, LATITUDE, LONGITUDE) VALUES ('22',35.87919138811,128.563199329023);
--INSERT INTO NT_LINK_GPS (LINK_ID, LATITUDE, LONGITUDE) VALUES ('23',35.8794477423837,128.571176784181);
--INSERT INTO NT_LINK_GPS (LINK_ID, LATITUDE, LONGITUDE) VALUES ('23',35.87243035673563,128.57098283471615);
--INSERT INTO NT_LINK_GPS (LINK_ID, LATITUDE, LONGITUDE) VALUES ('24',35.87241318687022,128.5712620590228);
--INSERT INTO NT_LINK_GPS (LINK_ID, LATITUDE, LONGITUDE) VALUES ('24',35.8793357222155,128.571473536487);
--INSERT INTO NT_LINK_GPS (LINK_ID, LATITUDE, LONGITUDE) VALUES ('24',35.8794295212523,128.571536290001);
--INSERT INTO NT_LINK_GPS (LINK_ID, LATITUDE, LONGITUDE) VALUES ('25',35.8794295212523,128.571536290001);
--INSERT INTO NT_LINK_GPS (LINK_ID, LATITUDE, LONGITUDE) VALUES ('25',35.8775493029418,128.581420122646);
--INSERT INTO NT_LINK_GPS (LINK_ID, LATITUDE, LONGITUDE) VALUES ('26',35.8778199102489,128.581228964696);
--INSERT INTO NT_LINK_GPS (LINK_ID, LATITUDE, LONGITUDE) VALUES ('26',35.8796474196652,128.571756515182);
--INSERT INTO NT_LINK_GPS (LINK_ID, LATITUDE, LONGITUDE) VALUES ('26',35.8796777790445,128.571502440095);
--INSERT INTO NT_LINK_GPS (LINK_ID, LATITUDE, LONGITUDE) VALUES ('27',35.8796777790445,128.571502440095);
--INSERT INTO NT_LINK_GPS (LINK_ID, LATITUDE, LONGITUDE) VALUES ('27',35.8810513991877,128.572066621331);
--INSERT INTO NT_LINK_GPS (LINK_ID, LATITUDE, LONGITUDE) VALUES ('28',35.8811874715421,128.571825704067);
--INSERT INTO NT_LINK_GPS (LINK_ID, LATITUDE, LONGITUDE) VALUES ('28',35.8796904093194,128.571225868924);
--INSERT INTO NT_LINK_GPS (LINK_ID, LATITUDE, LONGITUDE) VALUES ('29',35.8893819413664,128.563479936927);
--INSERT INTO NT_LINK_GPS (LINK_ID, LATITUDE, LONGITUDE) VALUES ('29',35.8991644062375,128.579103339635);
--INSERT INTO NT_LINK_GPS (LINK_ID, LATITUDE, LONGITUDE) VALUES ('3',35.8784088145559,128.539720934644);
--INSERT INTO NT_LINK_GPS (LINK_ID, LATITUDE, LONGITUDE) VALUES ('3',35.8761582383981,128.539190188441);
--INSERT INTO NT_LINK_GPS (LINK_ID, LATITUDE, LONGITUDE) VALUES ('30',35.8994602537898,128.579048301681);
--INSERT INTO NT_LINK_GPS (LINK_ID, LATITUDE, LONGITUDE) VALUES ('30',35.8898123927218,128.562256390497);
--INSERT INTO NT_LINK_GPS (LINK_ID, LATITUDE, LONGITUDE) VALUES ('31',35.8898123927218,128.562256390497);
--INSERT INTO NT_LINK_GPS (LINK_ID, LATITUDE, LONGITUDE) VALUES ('31',35.890755437802,128.555558301987);
--INSERT INTO NT_LINK_GPS (LINK_ID, LATITUDE, LONGITUDE) VALUES ('32',35.890469970305,128.555508419514);
--INSERT INTO NT_LINK_GPS (LINK_ID, LATITUDE, LONGITUDE) VALUES ('32',35.8895676097713,128.561850140471);
--INSERT INTO NT_LINK_GPS (LINK_ID, LATITUDE, LONGITUDE) VALUES ('33',35.8895358492555,128.562386616064);
--INSERT INTO NT_LINK_GPS (LINK_ID, LATITUDE, LONGITUDE) VALUES ('33',35.8893819413664,128.563479936927);
--INSERT INTO NT_LINK_GPS (LINK_ID, LATITUDE, LONGITUDE) VALUES ('34',35.8895833856083,128.563580797448);
--INSERT INTO NT_LINK_GPS (LINK_ID, LATITUDE, LONGITUDE) VALUES ('34',35.8897054574868,128.562683416161);
--INSERT INTO NT_LINK_GPS (LINK_ID, LATITUDE, LONGITUDE) VALUES ('35',35.8895676097713,128.561850140471);
--INSERT INTO NT_LINK_GPS (LINK_ID, LATITUDE, LONGITUDE) VALUES ('35',35.8875199316537,128.558368693658);
--INSERT INTO NT_LINK_GPS (LINK_ID, LATITUDE, LONGITUDE) VALUES ('35',35.8874272390356,128.558220147549);
--INSERT INTO NT_LINK_GPS (LINK_ID, LATITUDE, LONGITUDE) VALUES ('35',35.8873047277507,128.558112544693);
--INSERT INTO NT_LINK_GPS (LINK_ID, LATITUDE, LONGITUDE) VALUES ('35',35.8822192775033,128.55538856152);
--INSERT INTO NT_LINK_GPS (LINK_ID, LATITUDE, LONGITUDE) VALUES ('36',35.8823128933822,128.55581394298);
--INSERT INTO NT_LINK_GPS (LINK_ID, LATITUDE, LONGITUDE) VALUES ('36',35.8870874917636,128.558360218911);
--INSERT INTO NT_LINK_GPS (LINK_ID, LATITUDE, LONGITUDE) VALUES ('36',35.8871969560488,128.558431575971);
--INSERT INTO NT_LINK_GPS (LINK_ID, LATITUDE, LONGITUDE) VALUES ('36',35.8872633753028,128.558521468918);
--INSERT INTO NT_LINK_GPS (LINK_ID, LATITUDE, LONGITUDE) VALUES ('36',35.8895358492555,128.562386616064);
--INSERT INTO NT_LINK_GPS (LINK_ID, LATITUDE, LONGITUDE) VALUES ('37',35.8822192775033,128.55538856152);
--INSERT INTO NT_LINK_GPS (LINK_ID, LATITUDE, LONGITUDE) VALUES ('37',35.8825384159916,128.549872016172);
--INSERT INTO NT_LINK_GPS (LINK_ID, LATITUDE, LONGITUDE) VALUES ('38',35.8823851165807,128.54988010204);
--INSERT INTO NT_LINK_GPS (LINK_ID, LATITUDE, LONGITUDE) VALUES ('38',35.882062548728,128.555313520774);
--INSERT INTO NT_LINK_GPS (LINK_ID, LATITUDE, LONGITUDE) VALUES ('39',35.8821116209257,128.555699273826);
--INSERT INTO NT_LINK_GPS (LINK_ID, LATITUDE, LONGITUDE) VALUES ('39',35.8824435540433,128.556857383228);
--INSERT INTO NT_LINK_GPS (LINK_ID, LATITUDE, LONGITUDE) VALUES ('4',35.8761444759473,128.53956084714);
--INSERT INTO NT_LINK_GPS (LINK_ID, LATITUDE, LONGITUDE) VALUES ('4',35.8783863248777,128.540069289335);
--INSERT INTO NT_LINK_GPS (LINK_ID, LATITUDE, LONGITUDE) VALUES ('40',35.8825997517066,128.556799537897);
--INSERT INTO NT_LINK_GPS (LINK_ID, LATITUDE, LONGITUDE) VALUES ('40',35.8823128933822,128.55581394298);
--INSERT INTO NT_LINK_GPS (LINK_ID, LATITUDE, LONGITUDE) VALUES ('41',35.8766904762993,128.55471299037);
--INSERT INTO NT_LINK_GPS (LINK_ID, LATITUDE, LONGITUDE) VALUES ('41',35.8751388589404,128.552401788685);
--INSERT INTO NT_LINK_GPS (LINK_ID, LATITUDE, LONGITUDE) VALUES ('42',35.8749942823559,128.552432184082);
--INSERT INTO NT_LINK_GPS (LINK_ID, LATITUDE, LONGITUDE) VALUES ('42',35.875437696383,128.554727259813);
--INSERT INTO NT_LINK_GPS (LINK_ID, LATITUDE, LONGITUDE) VALUES ('43',35.875455274971,128.555109596527);
--INSERT INTO NT_LINK_GPS (LINK_ID, LATITUDE, LONGITUDE) VALUES ('43',35.8754933260889,128.555824501781);
--INSERT INTO NT_LINK_GPS (LINK_ID, LATITUDE, LONGITUDE) VALUES ('44',35.8756512737635,128.555805446199);
--INSERT INTO NT_LINK_GPS (LINK_ID, LATITUDE, LONGITUDE) VALUES ('44',35.8756241973959,128.55511289864);
--INSERT INTO NT_LINK_GPS (LINK_ID, LATITUDE, LONGITUDE) VALUES ('45',35.875437696383,128.554727259813);
--INSERT INTO NT_LINK_GPS (LINK_ID, LATITUDE, LONGITUDE) VALUES ('45',35.870584736877,128.554748680492);
--INSERT INTO NT_LINK_GPS (LINK_ID, LATITUDE, LONGITUDE) VALUES ('46',35.870649650137,128.555129151079);
--INSERT INTO NT_LINK_GPS (LINK_ID, LATITUDE, LONGITUDE) VALUES ('46',35.875455274971,128.555109596527);
--INSERT INTO NT_LINK_GPS (LINK_ID, LATITUDE, LONGITUDE) VALUES ('47',35.870584736877,128.554748680492);
--INSERT INTO NT_LINK_GPS (LINK_ID, LATITUDE, LONGITUDE) VALUES ('47',35.870084226724,128.552164772192);
--INSERT INTO NT_LINK_GPS (LINK_ID, LATITUDE, LONGITUDE) VALUES ('48',35.8698083012324,128.552247961587);
--INSERT INTO NT_LINK_GPS (LINK_ID, LATITUDE, LONGITUDE) VALUES ('48',35.870273596909,128.554767511846);
--INSERT INTO NT_LINK_GPS (LINK_ID, LATITUDE, LONGITUDE) VALUES ('49',35.8703362578483,128.555147936928);
--INSERT INTO NT_LINK_GPS (LINK_ID, LATITUDE, LONGITUDE) VALUES ('49',35.8710004633316,128.55865402201);
--INSERT INTO NT_LINK_GPS (LINK_ID, LATITUDE, LONGITUDE) VALUES ('49',35.8716961896312,128.56232685886786);
--INSERT INTO NT_LINK_GPS (LINK_ID, LATITUDE, LONGITUDE) VALUES ('49',35.871757314011006,128.56282351939268);
--INSERT INTO NT_LINK_GPS (LINK_ID, LATITUDE, LONGITUDE) VALUES ('5',35.8783863248777,128.540069289335);
--INSERT INTO NT_LINK_GPS (LINK_ID, LATITUDE, LONGITUDE) VALUES ('5',35.8784444248049,128.542212982607);
--INSERT INTO NT_LINK_GPS (LINK_ID, LATITUDE, LONGITUDE) VALUES ('5',35.8786481202522,128.547044641082);
--INSERT INTO NT_LINK_GPS (LINK_ID, LATITUDE, LONGITUDE) VALUES ('50',35.8720573369613,128.5627934293117);
--INSERT INTO NT_LINK_GPS (LINK_ID, LATITUDE, LONGITUDE) VALUES ('50',35.87197723768682,128.56219674841213);
--INSERT INTO NT_LINK_GPS (LINK_ID, LATITUDE, LONGITUDE) VALUES ('50',35.8712989874745,128.558565760669);
--INSERT INTO NT_LINK_GPS (LINK_ID, LATITUDE, LONGITUDE) VALUES ('50',35.870649650137,128.555129151079);
--INSERT INTO NT_LINK_GPS (LINK_ID, LATITUDE, LONGITUDE) VALUES ('51',35.870273596909,128.554767511846);
--INSERT INTO NT_LINK_GPS (LINK_ID, LATITUDE, LONGITUDE) VALUES ('51',35.8635822174919,128.55601230753);
--INSERT INTO NT_LINK_GPS (LINK_ID, LATITUDE, LONGITUDE) VALUES ('52',35.8636475220058,128.556362308807);
--INSERT INTO NT_LINK_GPS (LINK_ID, LATITUDE, LONGITUDE) VALUES ('52',35.8703362578483,128.555147936928);
--INSERT INTO NT_LINK_GPS (LINK_ID, LATITUDE, LONGITUDE) VALUES ('53',35.8635822174919,128.55601230753);
--INSERT INTO NT_LINK_GPS (LINK_ID, LATITUDE, LONGITUDE) VALUES ('53',35.8633136909824,128.554828041477);
--INSERT INTO NT_LINK_GPS (LINK_ID, LATITUDE, LONGITUDE) VALUES ('54',35.8631239960181,128.554863082585);
--INSERT INTO NT_LINK_GPS (LINK_ID, LATITUDE, LONGITUDE) VALUES ('54',35.8633925222575,128.556047345896);
--INSERT INTO NT_LINK_GPS (LINK_ID, LATITUDE, LONGITUDE) VALUES ('55',35.8634600072878,128.556402924297);
--INSERT INTO NT_LINK_GPS (LINK_ID, LATITUDE, LONGITUDE) VALUES ('55',35.8637593326623,128.557643153505);
--INSERT INTO NT_LINK_GPS (LINK_ID, LATITUDE, LONGITUDE) VALUES ('56',35.8639136372979,128.557557608247);
--INSERT INTO NT_LINK_GPS (LINK_ID, LATITUDE, LONGITUDE) VALUES ('56',35.8636475220058,128.556362308807);
--INSERT INTO NT_LINK_GPS (LINK_ID, LATITUDE, LONGITUDE) VALUES ('57',35.8633925222575,128.556047345896);
--INSERT INTO NT_LINK_GPS (LINK_ID, LATITUDE, LONGITUDE) VALUES ('57',35.8614190626652,128.556390690107);
--INSERT INTO NT_LINK_GPS (LINK_ID, LATITUDE, LONGITUDE) VALUES ('58',35.8614231955671,128.55676716144);
--INSERT INTO NT_LINK_GPS (LINK_ID, LATITUDE, LONGITUDE) VALUES ('58',35.8634600072878,128.556402924297);
--INSERT INTO NT_LINK_GPS (LINK_ID, LATITUDE, LONGITUDE) VALUES ('59',35.87162227373766,128.58208562974795);
--INSERT INTO NT_LINK_GPS (LINK_ID, LATITUDE, LONGITUDE) VALUES ('59',35.870687143642925,128.58210025027128);
--INSERT INTO NT_LINK_GPS (LINK_ID, LATITUDE, LONGITUDE) VALUES ('6',35.8788874413841,128.547179400531);
--INSERT INTO NT_LINK_GPS (LINK_ID, LATITUDE, LONGITUDE) VALUES ('6',35.8786908996292,128.542317415919);
--INSERT INTO NT_LINK_GPS (LINK_ID, LATITUDE, LONGITUDE) VALUES ('6',35.8786364215925,128.539891431374);
--INSERT INTO NT_LINK_GPS (LINK_ID, LATITUDE, LONGITUDE) VALUES ('60',35.8764821263483,128.582223798363);
--INSERT INTO NT_LINK_GPS (LINK_ID, LATITUDE, LONGITUDE) VALUES ('60',35.8767954469965,128.582210653579);
--INSERT INTO NT_LINK_GPS (LINK_ID, LATITUDE, LONGITUDE) VALUES ('60',35.8769807164121,128.582170048844);
--INSERT INTO NT_LINK_GPS (LINK_ID, LATITUDE, LONGITUDE) VALUES ('60',35.8774529433106,128.581894324453);
--INSERT INTO NT_LINK_GPS (LINK_ID, LATITUDE, LONGITUDE) VALUES ('61',35.8774529433106,128.581894324453);
--INSERT INTO NT_LINK_GPS (LINK_ID, LATITUDE, LONGITUDE) VALUES ('61',35.8763012854764,128.587903076546);
--INSERT INTO NT_LINK_GPS (LINK_ID, LATITUDE, LONGITUDE) VALUES ('62',35.8765306870108,128.587932568485);
--INSERT INTO NT_LINK_GPS (LINK_ID, LATITUDE, LONGITUDE) VALUES ('62',35.8777284567938,128.581672816427);
--INSERT INTO NT_LINK_GPS (LINK_ID, LATITUDE, LONGITUDE) VALUES ('63',35.8777284567938,128.581672816427);
--INSERT INTO NT_LINK_GPS (LINK_ID, LATITUDE, LONGITUDE) VALUES ('63',35.8796274219738,128.580489800213);
--INSERT INTO NT_LINK_GPS (LINK_ID, LATITUDE, LONGITUDE) VALUES ('64',35.8795619353263,128.580159083312);
--INSERT INTO NT_LINK_GPS (LINK_ID, LATITUDE, LONGITUDE) VALUES ('64',35.8778199102489,128.581228964696);
--INSERT INTO NT_LINK_GPS (LINK_ID, LATITUDE, LONGITUDE) VALUES ('65',35.870968664876074,128.58722922692);
--INSERT INTO NT_LINK_GPS (LINK_ID, LATITUDE, LONGITUDE) VALUES ('65',35.87019683237862,128.58716124064654);
--INSERT INTO NT_LINK_GPS (LINK_ID, LATITUDE, LONGITUDE) VALUES ('66',35.8744817491773,128.587844614124);
--INSERT INTO NT_LINK_GPS (LINK_ID, LATITUDE, LONGITUDE) VALUES ('66',35.875561445396,128.587971350501);
--INSERT INTO NT_LINK_GPS (LINK_ID, LATITUDE, LONGITUDE) VALUES ('66',35.876248478962,128.588148381613);
--INSERT INTO NT_LINK_GPS (LINK_ID, LATITUDE, LONGITUDE) VALUES ('67',35.876248478962,128.588148381613);
--INSERT INTO NT_LINK_GPS (LINK_ID, LATITUDE, LONGITUDE) VALUES ('67',35.8749698686433,128.594702473543);
--INSERT INTO NT_LINK_GPS (LINK_ID, LATITUDE, LONGITUDE) VALUES ('68',35.8752179107921,128.594685301398);
--INSERT INTO NT_LINK_GPS (LINK_ID, LATITUDE, LONGITUDE) VALUES ('68',35.8764754451765,128.588191666053);
--INSERT INTO NT_LINK_GPS (LINK_ID, LATITUDE, LONGITUDE) VALUES ('69',35.8764754451765,128.588191666053);
--INSERT INTO NT_LINK_GPS (LINK_ID, LATITUDE, LONGITUDE) VALUES ('69',35.8788362591659,128.588886553875);
--INSERT INTO NT_LINK_GPS (LINK_ID, LATITUDE, LONGITUDE) VALUES ('7',35.8786481202522,128.547044641082);
--INSERT INTO NT_LINK_GPS (LINK_ID, LATITUDE, LONGITUDE) VALUES ('7',35.8774188598779,128.546981980131);
--INSERT INTO NT_LINK_GPS (LINK_ID, LATITUDE, LONGITUDE) VALUES ('70',35.8788687237856,128.588646371475);
--INSERT INTO NT_LINK_GPS (LINK_ID, LATITUDE, LONGITUDE) VALUES ('70',35.8765306870108,128.587932568485);
--INSERT INTO NT_LINK_GPS (LINK_ID, LATITUDE, LONGITUDE) VALUES ('71',35.8749698686433,128.594702473543);
--INSERT INTO NT_LINK_GPS (LINK_ID, LATITUDE, LONGITUDE) VALUES ('71',35.8732419980744,128.594357825848);
--INSERT INTO NT_LINK_GPS (LINK_ID, LATITUDE, LONGITUDE) VALUES ('72',35.873265939142,128.594590815414);
--INSERT INTO NT_LINK_GPS (LINK_ID, LATITUDE, LONGITUDE) VALUES ('72',35.8749215162069,128.594950627093);
--INSERT INTO NT_LINK_GPS (LINK_ID, LATITUDE, LONGITUDE) VALUES ('73',35.8749215162069,128.594950627093);
--INSERT INTO NT_LINK_GPS (LINK_ID, LATITUDE, LONGITUDE) VALUES ('73',35.8736395097774,128.601224859476);
--INSERT INTO NT_LINK_GPS (LINK_ID, LATITUDE, LONGITUDE) VALUES ('74',35.8738733747856,128.601257246343);
--INSERT INTO NT_LINK_GPS (LINK_ID, LATITUDE, LONGITUDE) VALUES ('74',35.8751409142157,128.595054675154);
--INSERT INTO NT_LINK_GPS (LINK_ID, LATITUDE, LONGITUDE) VALUES ('75',35.8751409142157,128.595054675154);
--INSERT INTO NT_LINK_GPS (LINK_ID, LATITUDE, LONGITUDE) VALUES ('75',35.876695264579,128.595063696594);
--INSERT INTO NT_LINK_GPS (LINK_ID, LATITUDE, LONGITUDE) VALUES ('76',35.8767089777101,128.594709655612);
--INSERT INTO NT_LINK_GPS (LINK_ID, LATITUDE, LONGITUDE) VALUES ('76',35.8752179107921,128.594685301398);
--INSERT INTO NT_LINK_GPS (LINK_ID, LATITUDE, LONGITUDE) VALUES ('77',35.8736395097774,128.601224859476);
--INSERT INTO NT_LINK_GPS (LINK_ID, LATITUDE, LONGITUDE) VALUES ('77',35.8719429319764,128.600731238954);
--INSERT INTO NT_LINK_GPS (LINK_ID, LATITUDE, LONGITUDE) VALUES ('78',35.8719352554489,128.600969126024);
--INSERT INTO NT_LINK_GPS (LINK_ID, LATITUDE, LONGITUDE) VALUES ('78',35.8735915130529,128.601445332029);
--INSERT INTO NT_LINK_GPS (LINK_ID, LATITUDE, LONGITUDE) VALUES ('79',35.8735915130529,128.601445332029);
--INSERT INTO NT_LINK_GPS (LINK_ID, LATITUDE, LONGITUDE) VALUES ('79',35.873326379183,128.602743710129);
--INSERT INTO NT_LINK_GPS (LINK_ID, LATITUDE, LONGITUDE) VALUES ('79',35.8732647184897,128.602974977426);
--INSERT INTO NT_LINK_GPS (LINK_ID, LATITUDE, LONGITUDE) VALUES ('79',35.8732276852805,128.603048966422);
--INSERT INTO NT_LINK_GPS (LINK_ID, LATITUDE, LONGITUDE) VALUES ('79',35.8726864386486,128.603766031594);
--INSERT INTO NT_LINK_GPS (LINK_ID, LATITUDE, LONGITUDE) VALUES ('79',35.8725712025572,128.60396023281);
--INSERT INTO NT_LINK_GPS (LINK_ID, LATITUDE, LONGITUDE) VALUES ('79',35.8725154485784,128.604086434195);
--INSERT INTO NT_LINK_GPS (LINK_ID, LATITUDE, LONGITUDE) VALUES ('79',35.8724081859732,128.604358297616);
--INSERT INTO NT_LINK_GPS (LINK_ID, LATITUDE, LONGITUDE) VALUES ('8',35.8774166495873,128.547153561703);
--INSERT INTO NT_LINK_GPS (LINK_ID, LATITUDE, LONGITUDE) VALUES ('8',35.8786586748894,128.547274605399);
--INSERT INTO NT_LINK_GPS (LINK_ID, LATITUDE, LONGITUDE) VALUES ('80',35.872649139392,128.604365924454);
--INSERT INTO NT_LINK_GPS (LINK_ID, LATITUDE, LONGITUDE) VALUES ('80',35.8727791462549,128.604077911088);
--INSERT INTO NT_LINK_GPS (LINK_ID, LATITUDE, LONGITUDE) VALUES ('80',35.8728873671158,128.603902943822);
--INSERT INTO NT_LINK_GPS (LINK_ID, LATITUDE, LONGITUDE) VALUES ('80',35.8733574650492,128.603284091143);
--INSERT INTO NT_LINK_GPS (LINK_ID, LATITUDE, LONGITUDE) VALUES ('80',35.8734172055757,128.603196719851);
--INSERT INTO NT_LINK_GPS (LINK_ID, LATITUDE, LONGITUDE) VALUES ('80',35.873470484796,128.603087074414);
--INSERT INTO NT_LINK_GPS (LINK_ID, LATITUDE, LONGITUDE) VALUES ('80',35.8735081828565,128.602963274999);
--INSERT INTO NT_LINK_GPS (LINK_ID, LATITUDE, LONGITUDE) VALUES ('80',35.8738210210889,128.601466559852);
--INSERT INTO NT_LINK_GPS (LINK_ID, LATITUDE, LONGITUDE) VALUES ('81',35.8738210210889,128.601466559852);
--INSERT INTO NT_LINK_GPS (LINK_ID, LATITUDE, LONGITUDE) VALUES ('81',35.8754524242703,128.60144127206);
--INSERT INTO NT_LINK_GPS (LINK_ID, LATITUDE, LONGITUDE) VALUES ('82',35.8754620959773,128.60122279103);
--INSERT INTO NT_LINK_GPS (LINK_ID, LATITUDE, LONGITUDE) VALUES ('82',35.8738733747856,128.601257246343);
--INSERT INTO NT_LINK_GPS (LINK_ID, LATITUDE, LONGITUDE) VALUES ('83',35.8724081859732,128.604358297616);
--INSERT INTO NT_LINK_GPS (LINK_ID, LATITUDE, LONGITUDE) VALUES ('83',35.8719150548329,128.604340049909);
--INSERT INTO NT_LINK_GPS (LINK_ID, LATITUDE, LONGITUDE) VALUES ('83',35.8714698122422,128.60427848166);
--INSERT INTO NT_LINK_GPS (LINK_ID, LATITUDE, LONGITUDE) VALUES ('84',35.8714501281238,128.604571482816);
--INSERT INTO NT_LINK_GPS (LINK_ID, LATITUDE, LONGITUDE) VALUES ('84',35.8718504365063,128.604623842681);
--INSERT INTO NT_LINK_GPS (LINK_ID, LATITUDE, LONGITUDE) VALUES ('84',35.8723726988786,128.604653751409);
--INSERT INTO NT_LINK_GPS (LINK_ID, LATITUDE, LONGITUDE) VALUES ('85',35.8723726988786,128.604653751409);
--INSERT INTO NT_LINK_GPS (LINK_ID, LATITUDE, LONGITUDE) VALUES ('85',35.8724332874081,128.606188412162);
--INSERT INTO NT_LINK_GPS (LINK_ID, LATITUDE, LONGITUDE) VALUES ('86',35.8726745366278,128.606173906937);
--INSERT INTO NT_LINK_GPS (LINK_ID, LATITUDE, LONGITUDE) VALUES ('86',35.8726179349139,128.604678073191);
--INSERT INTO NT_LINK_GPS (LINK_ID, LATITUDE, LONGITUDE) VALUES ('87',35.8726179349139,128.604678073191);
--INSERT INTO NT_LINK_GPS (LINK_ID, LATITUDE, LONGITUDE) VALUES ('87',35.8728887960138,128.604639249014);
--INSERT INTO NT_LINK_GPS (LINK_ID, LATITUDE, LONGITUDE) VALUES ('87',35.8737072384877,128.605095866091);
--INSERT INTO NT_LINK_GPS (LINK_ID, LATITUDE, LONGITUDE) VALUES ('88',35.8737278451331,128.604902522871);
--INSERT INTO NT_LINK_GPS (LINK_ID, LATITUDE, LONGITUDE) VALUES ('88',35.8730706024256,128.604521125539);
--INSERT INTO NT_LINK_GPS (LINK_ID, LATITUDE, LONGITUDE) VALUES ('88',35.872965338356,128.604474715269);
--INSERT INTO NT_LINK_GPS (LINK_ID, LATITUDE, LONGITUDE) VALUES ('88',35.872649139392,128.604365924454);
--INSERT INTO NT_LINK_GPS (LINK_ID, LATITUDE, LONGITUDE) VALUES ('89',35.87206668993346,128.56294031411906);
--INSERT INTO NT_LINK_GPS (LINK_ID, LATITUDE, LONGITUDE) VALUES ('89',35.87365201510562,128.562993601553);
--INSERT INTO NT_LINK_GPS (LINK_ID, LATITUDE, LONGITUDE) VALUES ('9',35.8786586748894,128.547274605399);
--INSERT INTO NT_LINK_GPS (LINK_ID, LATITUDE, LONGITUDE) VALUES ('9',35.8788936542214,128.554722833226);
--INSERT INTO NT_LINK_GPS (LINK_ID, LATITUDE, LONGITUDE) VALUES ('90',35.87366068060557,128.56284706775978);
--INSERT INTO NT_LINK_GPS (LINK_ID, LATITUDE, LONGITUDE) VALUES ('90',35.8720573369613,128.5627934293117);
--INSERT INTO NT_LINK_GPS (LINK_ID, LATITUDE, LONGITUDE) VALUES ('91',35.871757314011006,128.56282351939268);
--INSERT INTO NT_LINK_GPS (LINK_ID, LATITUDE, LONGITUDE) VALUES ('91',35.87113409696995,128.56293306628712);
--INSERT INTO NT_LINK_GPS (LINK_ID, LATITUDE, LONGITUDE) VALUES ('92',35.87116854914546,128.56305553125128);
--INSERT INTO NT_LINK_GPS (LINK_ID, LATITUDE, LONGITUDE) VALUES ('92',35.87177338782511,128.5629733036079);
--INSERT INTO NT_LINK_GPS (LINK_ID, LATITUDE, LONGITUDE) VALUES ('93',35.87177338782511,128.5629733036079);
--INSERT INTO NT_LINK_GPS (LINK_ID, LATITUDE, LONGITUDE) VALUES ('93',35.87212433579326,128.57095464868968);
--INSERT INTO NT_LINK_GPS (LINK_ID, LATITUDE, LONGITUDE) VALUES ('94',35.87243035673563,128.57098283471615);
--INSERT INTO NT_LINK_GPS (LINK_ID, LATITUDE, LONGITUDE) VALUES ('94',35.87206668993346,128.56294031411906);
--INSERT INTO NT_LINK_GPS (LINK_ID, LATITUDE, LONGITUDE) VALUES ('95',35.87212433579326,128.57095464868968);
--INSERT INTO NT_LINK_GPS (LINK_ID, LATITUDE, LONGITUDE) VALUES ('95',35.86883400236529,128.57087031194803);
--INSERT INTO NT_LINK_GPS (LINK_ID, LATITUDE, LONGITUDE) VALUES ('96',35.86887528386664,128.5711589812945);
--INSERT INTO NT_LINK_GPS (LINK_ID, LATITUDE, LONGITUDE) VALUES ('96',35.87213165151361,128.5712564990337);
--INSERT INTO NT_LINK_GPS (LINK_ID, LATITUDE, LONGITUDE) VALUES ('97',35.87213165151361,128.5712564990337);
--INSERT INTO NT_LINK_GPS (LINK_ID, LATITUDE, LONGITUDE) VALUES ('97',35.871735517403465,128.57638595234476);
--INSERT INTO NT_LINK_GPS (LINK_ID, LATITUDE, LONGITUDE) VALUES ('97',35.87167390706238,128.57661723743507);
--INSERT INTO NT_LINK_GPS (LINK_ID, LATITUDE, LONGITUDE) VALUES ('97',35.87152976102831,128.57695760324535);
--INSERT INTO NT_LINK_GPS (LINK_ID, LATITUDE, LONGITUDE) VALUES ('97',35.87101972191591,128.57805465547708);
--INSERT INTO NT_LINK_GPS (LINK_ID, LATITUDE, LONGITUDE) VALUES ('97',35.87043033749823,128.57901726052268);
--INSERT INTO NT_LINK_GPS (LINK_ID, LATITUDE, LONGITUDE) VALUES ('97',35.87032789019235,128.5792698722192);
--INSERT INTO NT_LINK_GPS (LINK_ID, LATITUDE, LONGITUDE) VALUES ('97',35.87029177326659,128.57961790779902);
--INSERT INTO NT_LINK_GPS (LINK_ID, LATITUDE, LONGITUDE) VALUES ('97',35.87042566141625,128.58211165827785);
--INSERT INTO NT_LINK_GPS (LINK_ID, LATITUDE, LONGITUDE) VALUES ('98',35.870687143642925,128.58210025027128);
--INSERT INTO NT_LINK_GPS (LINK_ID, LATITUDE, LONGITUDE) VALUES ('98',35.870540105753214,128.57957855168326);
--INSERT INTO NT_LINK_GPS (LINK_ID, LATITUDE, LONGITUDE) VALUES ('98',35.87058399456897,128.5793247774033);
--INSERT INTO NT_LINK_GPS (LINK_ID, LATITUDE, LONGITUDE) VALUES ('98',35.87098498525434,128.57864076155417);
--INSERT INTO NT_LINK_GPS (LINK_ID, LATITUDE, LONGITUDE) VALUES ('98',35.87186440598239,128.57686459037768);
--INSERT INTO NT_LINK_GPS (LINK_ID, LATITUDE, LONGITUDE) VALUES ('98',35.871944325632114,128.57661152427784);
--INSERT INTO NT_LINK_GPS (LINK_ID, LATITUDE, LONGITUDE) VALUES ('98',35.87201102165309,128.57633605216532);
--INSERT INTO NT_LINK_GPS (LINK_ID, LATITUDE, LONGITUDE) VALUES ('98',35.87205381241076,128.57582206326438);
--INSERT INTO NT_LINK_GPS (LINK_ID, LATITUDE, LONGITUDE) VALUES ('98',35.87241318687022,128.5712620590228);
--INSERT INTO NT_LINK_GPS (LINK_ID, LATITUDE, LONGITUDE) VALUES ('99',35.87042566141625,128.58211165827785);
--INSERT INTO NT_LINK_GPS (LINK_ID, LATITUDE, LONGITUDE) VALUES ('99',35.86927220655437,128.58211086643462);
--
--INSERT INTO NT_CAMERA (CAMERA_ID, INTERSECTION_ID, DIRECTION_ID, RTSP_URL, SERVER_URL, COLLECT_CYCLE, PASSWORD, RTSP_ID, RTSP_PASSWORD, SEND_CYCLE, DISTANCE, SETTINGS_UPDATED, LAST_DATA_TIME, S_WIDTH, S_HEIGHT, L_WIDTH, L_HEIGHT, DEGREE, LATITUDE, LONGITUDE) VALUES ('C0001','I0001','I9012','rtsp://192.67.8.1:554/video1','http://192.168.71.21:8080/challenge-data',10,'de27ad6167310d667c33d6e6f3fd2050eaa4941bc5cf5a2c820c5a35f3a292a0','','',60,100,True,'2022-03-18 10:27:48',640,360,1280,720,NULL, 35.8786655952179, 128.539900300697);
--INSERT INTO NT_CAMERA (CAMERA_ID, INTERSECTION_ID, DIRECTION_ID, RTSP_URL, SERVER_URL, COLLECT_CYCLE, PASSWORD, RTSP_ID, RTSP_PASSWORD, SEND_CYCLE, DISTANCE, SETTINGS_UPDATED, LAST_DATA_TIME, S_WIDTH, S_HEIGHT, L_WIDTH, L_HEIGHT, DEGREE, LATITUDE, LONGITUDE) VALUES ('C0002','I0001','I0002','rtsp://192.67.8.2:554/video1','http://192.168.71.21:8080/challenge-data',10,'de27ad6167310d667c33d6e6f3fd2050eaa4941bc5cf5a2c820c5a35f3a292a0','','',60,100,True,'2022-03-18 10:27:48',640,360,1280,720,NULL, 35.8785201012622, 128.539299557313);
--INSERT INTO NT_CAMERA (CAMERA_ID, INTERSECTION_ID, DIRECTION_ID, RTSP_URL, SERVER_URL, COLLECT_CYCLE, PASSWORD, RTSP_ID, RTSP_PASSWORD, SEND_CYCLE, DISTANCE, SETTINGS_UPDATED, LAST_DATA_TIME, S_WIDTH, S_HEIGHT, L_WIDTH, L_HEIGHT, DEGREE, LATITUDE, LONGITUDE) VALUES ('C0003','I0001','I9013','rtsp://192.67.8.4:554/video1','http://192.168.71.21:8080/challenge-data',10,'de27ad6167310d667c33d6e6f3fd2050eaa4941bc5cf5a2c820c5a35f3a292a0','','',60,100,True,'2022-03-18 10:27:48',640,360,1280,720,NULL, 35.8785308052424, 128.540573127126);
--INSERT INTO NT_CAMERA (CAMERA_ID, INTERSECTION_ID, DIRECTION_ID, RTSP_URL, SERVER_URL, COLLECT_CYCLE, PASSWORD, RTSP_ID, RTSP_PASSWORD, SEND_CYCLE, DISTANCE, SETTINGS_UPDATED, LAST_DATA_TIME, S_WIDTH, S_HEIGHT, L_WIDTH, L_HEIGHT, DEGREE, LATITUDE, LONGITUDE) VALUES ('C0004','I0002','I9007','rtsp://192.67.8.6:554/video1','http://192.168.71.21:8080/challenge-data',10,'de27ad6167310d667c33d6e6f3fd2050eaa4941bc5cf5a2c820c5a35f3a292a0','','',60,100,True,'2022-03-18 10:27:48',640,360,1280,720,NULL, 35.878905531141, 128.547174216011);
--INSERT INTO NT_CAMERA (CAMERA_ID, INTERSECTION_ID, DIRECTION_ID, RTSP_URL, SERVER_URL, COLLECT_CYCLE, PASSWORD, RTSP_ID, RTSP_PASSWORD, SEND_CYCLE, DISTANCE, SETTINGS_UPDATED, LAST_DATA_TIME, S_WIDTH, S_HEIGHT, L_WIDTH, L_HEIGHT, DEGREE, LATITUDE, LONGITUDE) VALUES ('C0005','I0002','I0003','rtsp://192.67.8.7:554/video1','http://192.168.71.21:8080/challenge-data',10,'de27ad6167310d667c33d6e6f3fd2050eaa4941bc5cf5a2c820c5a35f3a292a0','','',60,100,True,'2022-03-18 10:27:48',640,360,1280,720,NULL, 35.8787586483232, 128.546684158524);
--INSERT INTO NT_CAMERA (CAMERA_ID, INTERSECTION_ID, DIRECTION_ID, RTSP_URL, SERVER_URL, COLLECT_CYCLE, PASSWORD, RTSP_ID, RTSP_PASSWORD, SEND_CYCLE, DISTANCE, SETTINGS_UPDATED, LAST_DATA_TIME, S_WIDTH, S_HEIGHT, L_WIDTH, L_HEIGHT, DEGREE, LATITUDE, LONGITUDE) VALUES ('C0006','I0002','I0001','rtsp://192.67.8.9:554/video1','http://192.168.71.21:8080/challenge-data',10,'de27ad6167310d667c33d6e6f3fd2050eaa4941bc5cf5a2c820c5a35f3a292a0','','',60,100,True,'2022-03-18 10:27:48',640,360,1280,720,NULL, 35.8787971469218, 128.547543044786);
--INSERT INTO NT_CAMERA (CAMERA_ID, INTERSECTION_ID, DIRECTION_ID, RTSP_URL, SERVER_URL, COLLECT_CYCLE, PASSWORD, RTSP_ID, RTSP_PASSWORD, SEND_CYCLE, DISTANCE, SETTINGS_UPDATED, LAST_DATA_TIME, S_WIDTH, S_HEIGHT, L_WIDTH, L_HEIGHT, DEGREE, LATITUDE, LONGITUDE) VALUES ('C0007','I0003','I0008','rtsp://192.67.8.11:554/video1','http://192.168.71.21:8080/challenge-data',10,'de27ad6167310d667c33d6e6f3fd2050eaa4941bc5cf5a2c820c5a35f3a292a0','','',60,100,True,'2022-03-03 03:45:31',640,360,1280,720,NULL, 35.8794208302904, 128.554896461424);
--INSERT INTO NT_CAMERA (CAMERA_ID, INTERSECTION_ID, DIRECTION_ID, RTSP_URL, SERVER_URL, COLLECT_CYCLE, PASSWORD, RTSP_ID, RTSP_PASSWORD, SEND_CYCLE, DISTANCE, SETTINGS_UPDATED, LAST_DATA_TIME, S_WIDTH, S_HEIGHT, L_WIDTH, L_HEIGHT, DEGREE, LATITUDE, LONGITUDE) VALUES ('C0008','I0003','I0004','rtsp://192.67.8.12:554/video1','http://192.168.71.21:8080/challenge-data',10,'de27ad6167310d667c33d6e6f3fd2050eaa4941bc5cf5a2c820c5a35f3a292a0','','',60,100,True,'2022-03-03 03:45:31',640,360,1280,720,NULL, 35.8789991632108, 128.55440378543);
--INSERT INTO NT_CAMERA (CAMERA_ID, INTERSECTION_ID, DIRECTION_ID, RTSP_URL, SERVER_URL, COLLECT_CYCLE, PASSWORD, RTSP_ID, RTSP_PASSWORD, SEND_CYCLE, DISTANCE, SETTINGS_UPDATED, LAST_DATA_TIME, S_WIDTH, S_HEIGHT, L_WIDTH, L_HEIGHT, DEGREE, LATITUDE, LONGITUDE) VALUES ('C0009','I0003','I0007','rtsp://192.67.8.13:554/video1','http://192.168.71.21:8080/challenge-data',10,'de27ad6167310d667c33d6e6f3fd2050eaa4941bc5cf5a2c820c5a35f3a292a0','','',60,100,True,'2022-03-03 03:45:31',640,360,1280,720,NULL, 35.8786593027748, 128.554900952457);
--INSERT INTO NT_CAMERA (CAMERA_ID, INTERSECTION_ID, DIRECTION_ID, RTSP_URL, SERVER_URL, COLLECT_CYCLE, PASSWORD, RTSP_ID, RTSP_PASSWORD, SEND_CYCLE, DISTANCE, SETTINGS_UPDATED, LAST_DATA_TIME, S_WIDTH, S_HEIGHT, L_WIDTH, L_HEIGHT, DEGREE, LATITUDE, LONGITUDE) VALUES ('C0010','I0003','I0002','rtsp://192.67.8.14:554/video1','http://192.168.71.21:8080/challenge-data',10,'de27ad6167310d667c33d6e6f3fd2050eaa4941bc5cf5a2c820c5a35f3a292a0','','',60,100,True,'2022-03-03 03:45:31',640,360,1280,720,NULL, 35.8790402830988, 128.555403906045);
--INSERT INTO NT_CAMERA (CAMERA_ID, INTERSECTION_ID, DIRECTION_ID, RTSP_URL, SERVER_URL, COLLECT_CYCLE, PASSWORD, RTSP_ID, RTSP_PASSWORD, SEND_CYCLE, DISTANCE, SETTINGS_UPDATED, LAST_DATA_TIME, S_WIDTH, S_HEIGHT, L_WIDTH, L_HEIGHT, DEGREE, LATITUDE, LONGITUDE) VALUES ('C0011','I0004','I0005','rtsp://192.67.8.17:554/video1','http://192.168.71.21:8080/challenge-data',10,'de27ad6167310d667c33d6e6f3fd2050eaa4941bc5cf5a2c820c5a35f3a292a0','','',60,100,True,'2022-03-03 03:45:32',640,360,1280,720,NULL, 35.8792924673779, 128.56270304007);
--INSERT INTO NT_CAMERA (CAMERA_ID, INTERSECTION_ID, DIRECTION_ID, RTSP_URL, SERVER_URL, COLLECT_CYCLE, PASSWORD, RTSP_ID, RTSP_PASSWORD, SEND_CYCLE, DISTANCE, SETTINGS_UPDATED, LAST_DATA_TIME, S_WIDTH, S_HEIGHT, L_WIDTH, L_HEIGHT, DEGREE, LATITUDE, LONGITUDE) VALUES ('C0012','I0004','I0003','rtsp://192.67.8.19:554/video1','http://192.168.71.21:8080/challenge-data',10,'de27ad6167310d667c33d6e6f3fd2050eaa4941bc5cf5a2c820c5a35f3a292a0','','',60,100,True,'2022-03-03 03:45:32',640,360,1280,720,NULL, 35.8793357879961, 128.563528814222);
--INSERT INTO NT_CAMERA (CAMERA_ID, INTERSECTION_ID, DIRECTION_ID, RTSP_URL, SERVER_URL, COLLECT_CYCLE, PASSWORD, RTSP_ID, RTSP_PASSWORD, SEND_CYCLE, DISTANCE, SETTINGS_UPDATED, LAST_DATA_TIME, S_WIDTH, S_HEIGHT, L_WIDTH, L_HEIGHT, DEGREE, LATITUDE, LONGITUDE) VALUES ('C0013','I0005','I0017','rtsp://192.67.8.21:554/video1','http://192.168.71.21:8080/challenge-data',10,'de27ad6167310d667c33d6e6f3fd2050eaa4941bc5cf5a2c820c5a35f3a292a0','','',60,100,True,'2022-03-03 03:45:32',640,360,1280,720,NULL, 35.879908272082, 128.571448861525);
--INSERT INTO NT_CAMERA (CAMERA_ID, INTERSECTION_ID, DIRECTION_ID, RTSP_URL, SERVER_URL, COLLECT_CYCLE, PASSWORD, RTSP_ID, RTSP_PASSWORD, SEND_CYCLE, DISTANCE, SETTINGS_UPDATED, LAST_DATA_TIME, S_WIDTH, S_HEIGHT, L_WIDTH, L_HEIGHT, DEGREE, LATITUDE, LONGITUDE) VALUES ('C0014','I0005','I0011','rtsp://192.67.8.22:554/video1','http://192.168.71.21:8080/challenge-data',10,'de27ad6167310d667c33d6e6f3fd2050eaa4941bc5cf5a2c820c5a35f3a292a0','','',60,100,True,'2022-03-03 03:45:32',640,360,1280,720,NULL, 35.8795795617525, 128.570916408697);
--INSERT INTO NT_CAMERA (CAMERA_ID, INTERSECTION_ID, DIRECTION_ID, RTSP_URL, SERVER_URL, COLLECT_CYCLE, PASSWORD, RTSP_ID, RTSP_PASSWORD, SEND_CYCLE, DISTANCE, SETTINGS_UPDATED, LAST_DATA_TIME, S_WIDTH, S_HEIGHT, L_WIDTH, L_HEIGHT, DEGREE, LATITUDE, LONGITUDE) VALUES ('C0015','I0005','I9004','rtsp://192.67.8.23:554/video1','http://192.168.71.21:8080/challenge-data',10,'de27ad6167310d667c33d6e6f3fd2050eaa4941bc5cf5a2c820c5a35f3a292a0','','',60,100,True,'2022-03-03 03:45:32',640,360,1280,720,NULL, 35.8791845226152, 128.571321067069);
--INSERT INTO NT_CAMERA (CAMERA_ID, INTERSECTION_ID, DIRECTION_ID, RTSP_URL, SERVER_URL, COLLECT_CYCLE, PASSWORD, RTSP_ID, RTSP_PASSWORD, SEND_CYCLE, DISTANCE, SETTINGS_UPDATED, LAST_DATA_TIME, S_WIDTH, S_HEIGHT, L_WIDTH, L_HEIGHT, DEGREE, LATITUDE, LONGITUDE) VALUES ('C0016','I0005','I0004','rtsp://192.67.8.24:554/video1','http://192.168.71.21:8080/challenge-data',10,'de27ad6167310d667c33d6e6f3fd2050eaa4941bc5cf5a2c820c5a35f3a292a0','','',60,100,True,'2022-03-03 03:45:32',640,360,1280,720,NULL, 35.879514251867, 128.57194765779);
--INSERT INTO NT_CAMERA (CAMERA_ID, INTERSECTION_ID, DIRECTION_ID, RTSP_URL, SERVER_URL, COLLECT_CYCLE, PASSWORD, RTSP_ID, RTSP_PASSWORD, SEND_CYCLE, DISTANCE, SETTINGS_UPDATED, LAST_DATA_TIME, S_WIDTH, S_HEIGHT, L_WIDTH, L_HEIGHT, DEGREE, LATITUDE, LONGITUDE) VALUES ('C0017','I0006','I0007','rtsp://172.20.2.11:554/cam/realmonitor?channel=1','http://192.168.71.21:8080/challenge-data',10,'de27ad6167310d667c33d6e6f3fd2050eaa4941bc5cf5a2c820c5a35f3a292a0','admin','admin123!',60,100,False,'2022-03-18 10:28:20',704,480,1920,1080,NULL, 35.889942975016, 128.562782215569);
--INSERT INTO NT_CAMERA (CAMERA_ID, INTERSECTION_ID, DIRECTION_ID, RTSP_URL, SERVER_URL, COLLECT_CYCLE, PASSWORD, RTSP_ID, RTSP_PASSWORD, SEND_CYCLE, DISTANCE, SETTINGS_UPDATED, LAST_DATA_TIME, S_WIDTH, S_HEIGHT, L_WIDTH, L_HEIGHT, DEGREE, LATITUDE, LONGITUDE) VALUES ('C0018','I0006','I9001','rtsp://172.20.2.14:554/cam/realmonitor?channel=1','http://192.168.71.21:8080/challenge-data',10,'de27ad6167310d667c33d6e6f3fd2050eaa4941bc5cf5a2c820c5a35f3a292a0','admin','admin123!',60,100,False,'2022-03-18 10:27:20',704,480,1920,1080,NULL, 35.8897462399924, 128.561626627285);
--INSERT INTO NT_CAMERA (CAMERA_ID, INTERSECTION_ID, DIRECTION_ID, RTSP_URL, SERVER_URL, COLLECT_CYCLE, PASSWORD, RTSP_ID, RTSP_PASSWORD, SEND_CYCLE, DISTANCE, SETTINGS_UPDATED, LAST_DATA_TIME, S_WIDTH, S_HEIGHT, L_WIDTH, L_HEIGHT, DEGREE, LATITUDE, LONGITUDE) VALUES ('C0019','I0006','I9003','rtsp://172.20.2.13:554/cam/realmonitor?channel=1','http://192.168.71.21:8080/challenge-data',10,'de27ad6167310d667c33d6e6f3fd2050eaa4941bc5cf5a2c820c5a35f3a292a0','admin','admin123!',60,100,False,'2022-03-18 10:28:00',704,480,1920,1080,NULL, 35.8893059641861, 128.561701036601);
--INSERT INTO NT_CAMERA (CAMERA_ID, INTERSECTION_ID, DIRECTION_ID, RTSP_URL, SERVER_URL, COLLECT_CYCLE, PASSWORD, RTSP_ID, RTSP_PASSWORD, SEND_CYCLE, DISTANCE, SETTINGS_UPDATED, LAST_DATA_TIME, S_WIDTH, S_HEIGHT, L_WIDTH, L_HEIGHT, DEGREE, LATITUDE, LONGITUDE) VALUES ('C0020','I0006','I9002','rtsp://172.20.2.12:554/cam/realmonitor?channel=1','http://192.168.71.21:8080/challenge-data',10,'de27ad6167310d667c33d6e6f3fd2050eaa4941bc5cf5a2c820c5a35f3a292a0','admin','admin123!',60,100,False,'2022-03-18 10:28:20',704,480,1920,1080,NULL, 35.8895837449136, 128.562860980175);
--INSERT INTO NT_CAMERA (CAMERA_ID, INTERSECTION_ID, DIRECTION_ID, RTSP_URL, SERVER_URL, COLLECT_CYCLE, PASSWORD, RTSP_ID, RTSP_PASSWORD, SEND_CYCLE, DISTANCE, SETTINGS_UPDATED, LAST_DATA_TIME, S_WIDTH, S_HEIGHT, L_WIDTH, L_HEIGHT, DEGREE, LATITUDE, LONGITUDE) VALUES ('C0021','I0007','I0003','rtsp://172.18.1.11:554/cam/realmonitor?channel=1','http://192.168.71.21:8080/challenge-data',10,'de27ad6167310d667c33d6e6f3fd2050eaa4941bc5cf5a2c820c5a35f3a292a0','admin','admin123!',60,100,False,'2022-03-18 10:26:20',704,480,1920,1080,NULL, 35.8824898990644, 128.555714978039);
--INSERT INTO NT_CAMERA (CAMERA_ID, INTERSECTION_ID, DIRECTION_ID, RTSP_URL, SERVER_URL, COLLECT_CYCLE, PASSWORD, RTSP_ID, RTSP_PASSWORD, SEND_CYCLE, DISTANCE, SETTINGS_UPDATED, LAST_DATA_TIME, S_WIDTH, S_HEIGHT, L_WIDTH, L_HEIGHT, DEGREE, LATITUDE, LONGITUDE) VALUES ('C0022','I0007','I9004','rtsp://172.18.1.14:554/cam/realmonitor?channel=1','http://192.168.71.21:8080/challenge-data',10,'de27ad6167310d667c33d6e6f3fd2050eaa4941bc5cf5a2c820c5a35f3a292a0','admin','admin123!',60,100,False,'2022-03-18 10:19:40',704,480,1920,1080,NULL, 35.8821646245925, 128.555085748008);
--INSERT INTO NT_CAMERA (CAMERA_ID, INTERSECTION_ID, DIRECTION_ID, RTSP_URL, SERVER_URL, COLLECT_CYCLE, PASSWORD, RTSP_ID, RTSP_PASSWORD, SEND_CYCLE, DISTANCE, SETTINGS_UPDATED, LAST_DATA_TIME, S_WIDTH, S_HEIGHT, L_WIDTH, L_HEIGHT, DEGREE, LATITUDE, LONGITUDE) VALUES ('C0023','I0007','I0006','rtsp://172.18.1.13:554/cam/realmonitor?channel=1','http://192.168.71.21:8080/challenge-data',10,'de27ad6167310d667c33d6e6f3fd2050eaa4941bc5cf5a2c820c5a35f3a292a0','admin','admin123!',60,100,False,'2022-03-18 10:25:30',704,480,1920,1080,NULL, 35.881823124274, 128.555361436246);
--INSERT INTO NT_CAMERA (CAMERA_ID, INTERSECTION_ID, DIRECTION_ID, RTSP_URL, SERVER_URL, COLLECT_CYCLE, PASSWORD, RTSP_ID, RTSP_PASSWORD, SEND_CYCLE, DISTANCE, SETTINGS_UPDATED, LAST_DATA_TIME, S_WIDTH, S_HEIGHT, L_WIDTH, L_HEIGHT, DEGREE, LATITUDE, LONGITUDE) VALUES ('C0024','I0007','I9005','rtsp://172.18.1.12:554/cam/realmonitor?channel=1','http://192.168.71.21:8080/challenge-data',10,'de27ad6167310d667c33d6e6f3fd2050eaa4941bc5cf5a2c820c5a35f3a292a0','admin','admin123!',60,100,False,'2022-03-18 10:26:00',704,480,1920,1080,NULL, 35.8823119184203, 128.556063071343);
--INSERT INTO NT_CAMERA (CAMERA_ID, INTERSECTION_ID, DIRECTION_ID, RTSP_URL, SERVER_URL, COLLECT_CYCLE, PASSWORD, RTSP_ID, RTSP_PASSWORD, SEND_CYCLE, DISTANCE, SETTINGS_UPDATED, LAST_DATA_TIME, S_WIDTH, S_HEIGHT, L_WIDTH, L_HEIGHT, DEGREE, LATITUDE, LONGITUDE) VALUES ('C0025','I0008','I0009','rtsp://172.18.2.15:554/cam/realmonitor?channel=1','http://192.168.71.21:8080/challenge-data',10,'de27ad6167310d667c33d6e6f3fd2050eaa4941bc5cf5a2c820c5a35f3a292a0','admin','admin123!',60,100,False,'2022-03-18 10:27:00',704,480,1920,1080,NULL, 35.8752621147414, 128.55506429974938);
--INSERT INTO NT_CAMERA (CAMERA_ID, INTERSECTION_ID, DIRECTION_ID, RTSP_URL, SERVER_URL, COLLECT_CYCLE, PASSWORD, RTSP_ID, RTSP_PASSWORD, SEND_CYCLE, DISTANCE, SETTINGS_UPDATED, LAST_DATA_TIME, S_WIDTH, S_HEIGHT, L_WIDTH, L_HEIGHT, DEGREE, LATITUDE, LONGITUDE) VALUES ('C0026','I0008','I9006','rtsp://172.18.2.18:554/cam/realmonitor?channel=1','http://192.168.71.21:8080/challenge-data',10,'de27ad6167310d667c33d6e6f3fd2050eaa4941bc5cf5a2c820c5a35f3a292a0','admin','admin123!',60,100,False,'2022-03-18 10:25:50',704,480,1920,1080,NULL, 35.87559055091646, 128.55527555710566);
--INSERT INTO NT_CAMERA (CAMERA_ID, INTERSECTION_ID, DIRECTION_ID, RTSP_URL, SERVER_URL, COLLECT_CYCLE, PASSWORD, RTSP_ID, RTSP_PASSWORD, SEND_CYCLE, DISTANCE, SETTINGS_UPDATED, LAST_DATA_TIME, S_WIDTH, S_HEIGHT, L_WIDTH, L_HEIGHT, DEGREE, LATITUDE, LONGITUDE) VALUES ('C0027','I0008','I0003','rtsp://172.18.2.17:554/cam/realmonitor?channel=1','http://192.168.71.21:8080/challenge-data',10,'de27ad6167310d667c33d6e6f3fd2050eaa4941bc5cf5a2c820c5a35f3a292a0','admin','admin123!',60,100,False,'2022-03-18 10:26:30',704,480,1920,1080,NULL, 35.875788159439566, 128.55480331099636);
--INSERT INTO NT_CAMERA (CAMERA_ID, INTERSECTION_ID, DIRECTION_ID, RTSP_URL, SERVER_URL, COLLECT_CYCLE, PASSWORD, RTSP_ID, RTSP_PASSWORD, SEND_CYCLE, DISTANCE, SETTINGS_UPDATED, LAST_DATA_TIME, S_WIDTH, S_HEIGHT, L_WIDTH, L_HEIGHT, DEGREE, LATITUDE, LONGITUDE) VALUES ('C0028','I0008','I9007','rtsp://172.18.2.16:554/cam/realmonitor?channel=1','http://192.168.71.21:8080/challenge-data',10,'de27ad6167310d667c33d6e6f3fd2050eaa4941bc5cf5a2c820c5a35f3a292a0','admin','admin123!',60,100,False,'2022-03-18 10:19:50',704,480,1920,1080,NULL, 35.87544420706039, 128.55457237534677);
--INSERT INTO NT_CAMERA (CAMERA_ID, INTERSECTION_ID, DIRECTION_ID, RTSP_URL, SERVER_URL, COLLECT_CYCLE, PASSWORD, RTSP_ID, RTSP_PASSWORD, SEND_CYCLE, DISTANCE, SETTINGS_UPDATED, LAST_DATA_TIME, S_WIDTH, S_HEIGHT, L_WIDTH, L_HEIGHT, DEGREE, LATITUDE, LONGITUDE) VALUES ('C0029','I0009','I0010','rtsp://172.18.2.11:554/cam/realmonitor?channel=1','http://192.168.71.21:8080/challenge-data',10,'de27ad6167310d667c33d6e6f3fd2050eaa4941bc5cf5a2c820c5a35f3a292a0','admin','admin123!',60,100,False,'2022-03-18 10:27:50',704,480,1920,1080,NULL, 35.8708099982597, 128.554924692214);
--INSERT INTO NT_CAMERA (CAMERA_ID, INTERSECTION_ID, DIRECTION_ID, RTSP_URL, SERVER_URL, COLLECT_CYCLE, PASSWORD, RTSP_ID, RTSP_PASSWORD, SEND_CYCLE, DISTANCE, SETTINGS_UPDATED, LAST_DATA_TIME, S_WIDTH, S_HEIGHT, L_WIDTH, L_HEIGHT, DEGREE, LATITUDE, LONGITUDE) VALUES ('C0030','I0009','I0016','rtsp://172.18.2.14:554/cam/realmonitor?channel=1','http://192.168.71.21:8080/challenge-data',10,'de27ad6167310d667c33d6e6f3fd2050eaa4941bc5cf5a2c820c5a35f3a292a0','admin','admin123!',60,100,False,'2022-03-18 10:28:40',704,480,1920,1080,NULL, 35.8703850384724, 128.554512275645);
--INSERT INTO NT_CAMERA (CAMERA_ID, INTERSECTION_ID, DIRECTION_ID, RTSP_URL, SERVER_URL, COLLECT_CYCLE, PASSWORD, RTSP_ID, RTSP_PASSWORD, SEND_CYCLE, DISTANCE, SETTINGS_UPDATED, LAST_DATA_TIME, S_WIDTH, S_HEIGHT, L_WIDTH, L_HEIGHT, DEGREE, LATITUDE, LONGITUDE) VALUES ('C0031','I0009','I0008','rtsp://172.18.2.13:554/cam/realmonitor?channel=1','http://192.168.71.21:8080/challenge-data',10,'de27ad6167310d667c33d6e6f3fd2050eaa4941bc5cf5a2c820c5a35f3a292a0','admin','admin123!',60,100,False,'2022-03-18 10:28:30',704,480,1920,1080,NULL, 35.8700274108403, 128.554989667358);
--INSERT INTO NT_CAMERA (CAMERA_ID, INTERSECTION_ID, DIRECTION_ID, RTSP_URL, SERVER_URL, COLLECT_CYCLE, PASSWORD, RTSP_ID, RTSP_PASSWORD, SEND_CYCLE, DISTANCE, SETTINGS_UPDATED, LAST_DATA_TIME, S_WIDTH, S_HEIGHT, L_WIDTH, L_HEIGHT, DEGREE, LATITUDE, LONGITUDE) VALUES ('C0032','I0009','I9008','rtsp://172.18.2.12:554/cam/realmonitor?channel=1','http://192.168.71.21:8080/challenge-data',10,'de27ad6167310d667c33d6e6f3fd2050eaa4941bc5cf5a2c820c5a35f3a292a0','admin','admin123!',60,100,False,'2022-03-18 10:28:10',704,480,1920,1080,NULL, 35.8705666987769, 128.555445837866);
--INSERT INTO NT_CAMERA (CAMERA_ID, INTERSECTION_ID, DIRECTION_ID, RTSP_URL, SERVER_URL, COLLECT_CYCLE, PASSWORD, RTSP_ID, RTSP_PASSWORD, SEND_CYCLE, DISTANCE, SETTINGS_UPDATED, LAST_DATA_TIME, S_WIDTH, S_HEIGHT, L_WIDTH, L_HEIGHT, DEGREE, LATITUDE, LONGITUDE) VALUES ('C0033','I0010','I9009','rtsp://172.18.3.15:554/cam/realmonitor?channel=1','http://192.168.71.21:8080/challenge-data',10,'de27ad6167310d667c33d6e6f3fd2050eaa4941bc5cf5a2c820c5a35f3a292a0','admin','admin123!',60,100,False,'2022-03-18 10:23:40',704,480,1920,1080,NULL, 35.8638689349926, 128.556139690288);
--INSERT INTO NT_CAMERA (CAMERA_ID, INTERSECTION_ID, DIRECTION_ID, RTSP_URL, SERVER_URL, COLLECT_CYCLE, PASSWORD, RTSP_ID, RTSP_PASSWORD, SEND_CYCLE, DISTANCE, SETTINGS_UPDATED, LAST_DATA_TIME, S_WIDTH, S_HEIGHT, L_WIDTH, L_HEIGHT, DEGREE, LATITUDE, LONGITUDE) VALUES ('C0034','I0010','I9010','rtsp://172.18.3.18:554/cam/realmonitor?channel=1','http://192.168.71.21:8080/challenge-data',10,'de27ad6167310d667c33d6e6f3fd2050eaa4941bc5cf5a2c820c5a35f3a292a0','admin','admin123!',60,100,False,'2022-03-18 10:22:30',704,480,1920,1080,NULL, 35.863436504503, 128.555782511623);
--INSERT INTO NT_CAMERA (CAMERA_ID, INTERSECTION_ID, DIRECTION_ID, RTSP_URL, SERVER_URL, COLLECT_CYCLE, PASSWORD, RTSP_ID, RTSP_PASSWORD, SEND_CYCLE, DISTANCE, SETTINGS_UPDATED, LAST_DATA_TIME, S_WIDTH, S_HEIGHT, L_WIDTH, L_HEIGHT, DEGREE, LATITUDE, LONGITUDE) VALUES ('C0035','I0010','I0009','rtsp://172.18.3.17:554/cam/realmonitor?channel=1','http://192.168.71.21:8080/challenge-data',10,'de27ad6167310d667c33d6e6f3fd2050eaa4941bc5cf5a2c820c5a35f3a292a0','admin','admin123!',60,100,False,'2022-03-18 10:22:10',704,480,1920,1080,NULL, 35.8631734334533, 128.556264473561);
--INSERT INTO NT_CAMERA (CAMERA_ID, INTERSECTION_ID, DIRECTION_ID, RTSP_URL, SERVER_URL, COLLECT_CYCLE, PASSWORD, RTSP_ID, RTSP_PASSWORD, SEND_CYCLE, DISTANCE, SETTINGS_UPDATED, LAST_DATA_TIME, S_WIDTH, S_HEIGHT, L_WIDTH, L_HEIGHT, DEGREE, LATITUDE, LONGITUDE) VALUES ('C0036','I0010','I9011','rtsp://172.18.3.16:554/cam/realmonitor?channel=1','http://192.168.71.21:8080/challenge-data',10,'de27ad6167310d667c33d6e6f3fd2050eaa4941bc5cf5a2c820c5a35f3a292a0','admin','admin123!',60,100,False,'2022-03-18 10:23:20',704,480,1920,1080,NULL, 35.8635903473836, 128.556601976536);
--INSERT INTO NT_CAMERA (CAMERA_ID, INTERSECTION_ID, DIRECTION_ID, RTSP_URL, SERVER_URL, COLLECT_CYCLE, PASSWORD, RTSP_ID, RTSP_PASSWORD, SEND_CYCLE, DISTANCE, SETTINGS_UPDATED, LAST_DATA_TIME, S_WIDTH, S_HEIGHT, L_WIDTH, L_HEIGHT, DEGREE, LATITUDE, LONGITUDE) VALUES ('C0037','I0011','I0018','rtsp://172.16.2.27:554/cam/realmonitor?channel=1','http://192.168.71.21:8080/challenge-data',10,'de27ad6167310d667c33d6e6f3fd2050eaa4941bc5cf5a2c820c5a35f3a292a0','admin','admin123!',60,100,False,'2022-03-18 10:23:50',704,480,1920,1080,NULL, 35.8779443976189, 128.58135600569);
--INSERT INTO NT_CAMERA (CAMERA_ID, INTERSECTION_ID, DIRECTION_ID, RTSP_URL, SERVER_URL, COLLECT_CYCLE, PASSWORD, RTSP_ID, RTSP_PASSWORD, SEND_CYCLE, DISTANCE, SETTINGS_UPDATED, LAST_DATA_TIME, S_WIDTH, S_HEIGHT, L_WIDTH, L_HEIGHT, DEGREE, LATITUDE, LONGITUDE) VALUES ('C0038','I0011','I0012','rtsp://172.16.2.30:554/cam/realmonitor?channel=1','http://192.168.71.21:8080/challenge-data',10,'de27ad6167310d667c33d6e6f3fd2050eaa4941bc5cf5a2c820c5a35f3a292a0','admin','admin123!',60,100,False,'2022-03-18 10:24:10',704,480,1920,1080,NULL, 35.8777302269166, 128.581025108117);
--INSERT INTO NT_CAMERA (CAMERA_ID, INTERSECTION_ID, DIRECTION_ID, RTSP_URL, SERVER_URL, COLLECT_CYCLE, PASSWORD, RTSP_ID, RTSP_PASSWORD, SEND_CYCLE, DISTANCE, SETTINGS_UPDATED, LAST_DATA_TIME, S_WIDTH, S_HEIGHT, L_WIDTH, L_HEIGHT, DEGREE, LATITUDE, LONGITUDE) VALUES ('C0039','I0011','I9015','rtsp://172.16.2.29:554/cam/realmonitor?channel=1','http://192.168.71.21:8080/challenge-data',10,'de27ad6167310d667c33d6e6f3fd2050eaa4941bc5cf5a2c820c5a35f3a292a0','admin','admin123!',60,100,False,'2022-03-18 10:24:00',704,480,1920,1080,NULL, 35.8772829372668, 128.581802363864);
--INSERT INTO NT_CAMERA (CAMERA_ID, INTERSECTION_ID, DIRECTION_ID, RTSP_URL, SERVER_URL, COLLECT_CYCLE, PASSWORD, RTSP_ID, RTSP_PASSWORD, SEND_CYCLE, DISTANCE, SETTINGS_UPDATED, LAST_DATA_TIME, S_WIDTH, S_HEIGHT, L_WIDTH, L_HEIGHT, DEGREE, LATITUDE, LONGITUDE) VALUES ('C0040','I0011','I0005','rtsp://172.16.2.28:554/cam/realmonitor?channel=1','http://192.168.71.21:8080/challenge-data',10,'de27ad6167310d667c33d6e6f3fd2050eaa4941bc5cf5a2c820c5a35f3a292a0','admin','admin123!',60,100,False,'2022-03-18 10:23:50',704,480,1920,1080,NULL, 35.8775543969015, 128.582059661567);
--INSERT INTO NT_CAMERA (CAMERA_ID, INTERSECTION_ID, DIRECTION_ID, RTSP_URL, SERVER_URL, COLLECT_CYCLE, PASSWORD, RTSP_ID, RTSP_PASSWORD, SEND_CYCLE, DISTANCE, SETTINGS_UPDATED, LAST_DATA_TIME, S_WIDTH, S_HEIGHT, L_WIDTH, L_HEIGHT, DEGREE, LATITUDE, LONGITUDE) VALUES ('C0041','I0012','I0019','rtsp://172.16.2.23:554/cam/realmonitor?channel=1','http://192.168.71.21:8080/challenge-data',10,'de27ad6167310d667c33d6e6f3fd2050eaa4941bc5cf5a2c820c5a35f3a292a0','admin','admin123!',60,100,False,'2022-03-18 10:25:30',704,480,1920,1080,NULL, 35.8767490302565, 128.58811685334);
--INSERT INTO NT_CAMERA (CAMERA_ID, INTERSECTION_ID, DIRECTION_ID, RTSP_URL, SERVER_URL, COLLECT_CYCLE, PASSWORD, RTSP_ID, RTSP_PASSWORD, SEND_CYCLE, DISTANCE, SETTINGS_UPDATED, LAST_DATA_TIME, S_WIDTH, S_HEIGHT, L_WIDTH, L_HEIGHT, DEGREE, LATITUDE, LONGITUDE) VALUES ('C0042','I0012','I0013','rtsp://172.16.2.26:554/cam/realmonitor?channel=1','http://192.168.71.21:8080/challenge-data',10,'de27ad6167310d667c33d6e6f3fd2050eaa4941bc5cf5a2c820c5a35f3a292a0','admin','admin123!',60,100,False,'2022-03-18 10:25:00',704,480,1920,1080,NULL, 35.8764765185613, 128.587599316603);
--INSERT INTO NT_CAMERA (CAMERA_ID, INTERSECTION_ID, DIRECTION_ID, RTSP_URL, SERVER_URL, COLLECT_CYCLE, PASSWORD, RTSP_ID, RTSP_PASSWORD, SEND_CYCLE, DISTANCE, SETTINGS_UPDATED, LAST_DATA_TIME, S_WIDTH, S_HEIGHT, L_WIDTH, L_HEIGHT, DEGREE, LATITUDE, LONGITUDE) VALUES ('C0043','I0012','I9016','rtsp://172.16.2.25:554/cam/realmonitor?channel=1','http://192.168.71.21:8080/challenge-data',10,'de27ad6167310d667c33d6e6f3fd2050eaa4941bc5cf5a2c820c5a35f3a292a0','admin','admin123!',60,100,False,'2022-03-18 10:25:00',704,480,1920,1080,NULL, 35.8760572726514, 128.587956335362);
--INSERT INTO NT_CAMERA (CAMERA_ID, INTERSECTION_ID, DIRECTION_ID, RTSP_URL, SERVER_URL, COLLECT_CYCLE, PASSWORD, RTSP_ID, RTSP_PASSWORD, SEND_CYCLE, DISTANCE, SETTINGS_UPDATED, LAST_DATA_TIME, S_WIDTH, S_HEIGHT, L_WIDTH, L_HEIGHT, DEGREE, LATITUDE, LONGITUDE) VALUES ('C0044','I0012','I0011','rtsp://172.16.2.24:554/cam/realmonitor?channel=1','http://192.168.71.21:8080/challenge-data',10,'de27ad6167310d667c33d6e6f3fd2050eaa4941bc5cf5a2c820c5a35f3a292a0','admin','admin123!',60,100,False,'2022-03-18 10:28:50',704,480,1920,1080,NULL, 35.8763185581539, 128.58847087826);
--INSERT INTO NT_CAMERA (CAMERA_ID, INTERSECTION_ID, DIRECTION_ID, RTSP_URL, SERVER_URL, COLLECT_CYCLE, PASSWORD, RTSP_ID, RTSP_PASSWORD, SEND_CYCLE, DISTANCE, SETTINGS_UPDATED, LAST_DATA_TIME, S_WIDTH, S_HEIGHT, L_WIDTH, L_HEIGHT, DEGREE, LATITUDE, LONGITUDE) VALUES ('C0045','I0013','I9017','rtsp://172.16.2.19:554/cam/realmonitor?channel=1','http://192.168.71.21:8080/challenge-data',10,'de27ad6167310d667c33d6e6f3fd2050eaa4941bc5cf5a2c820c5a35f3a292a0','admin','admin123!',60,100,False,'2022-03-18 10:26:40',704,480,1920,1080,NULL, 35.8753776846701, 128.594868427229);
--INSERT INTO NT_CAMERA (CAMERA_ID, INTERSECTION_ID, DIRECTION_ID, RTSP_URL, SERVER_URL, COLLECT_CYCLE, PASSWORD, RTSP_ID, RTSP_PASSWORD, SEND_CYCLE, DISTANCE, SETTINGS_UPDATED, LAST_DATA_TIME, S_WIDTH, S_HEIGHT, L_WIDTH, L_HEIGHT, DEGREE, LATITUDE, LONGITUDE) VALUES ('C0046','I0013','I0014','rtsp://172.16.2.22:554/cam/realmonitor?channel=1','http://192.168.71.21:8080/challenge-data',10,'de27ad6167310d667c33d6e6f3fd2050eaa4941bc5cf5a2c820c5a35f3a292a0','admin','admin123!',60,100,False,'2022-03-18 10:27:40',704,480,1920,1080,NULL, 35.8751474074517, 128.594396012051);
--INSERT INTO NT_CAMERA (CAMERA_ID, INTERSECTION_ID, DIRECTION_ID, RTSP_URL, SERVER_URL, COLLECT_CYCLE, PASSWORD, RTSP_ID, RTSP_PASSWORD, SEND_CYCLE, DISTANCE, SETTINGS_UPDATED, LAST_DATA_TIME, S_WIDTH, S_HEIGHT, L_WIDTH, L_HEIGHT, DEGREE, LATITUDE, LONGITUDE) VALUES ('C0047','I0013','I9018','rtsp://172.16.2.21:554/cam/realmonitor?channel=1','http://192.168.71.21:8080/challenge-data',10,'de27ad6167310d667c33d6e6f3fd2050eaa4941bc5cf5a2c820c5a35f3a292a0','admin','admin123!',60,100,False,'2022-03-18 10:21:20',704,480,1920,1080,NULL, 35.8747390728709, 128.594778119847);
--INSERT INTO NT_CAMERA (CAMERA_ID, INTERSECTION_ID, DIRECTION_ID, RTSP_URL, SERVER_URL, COLLECT_CYCLE, PASSWORD, RTSP_ID, RTSP_PASSWORD, SEND_CYCLE, DISTANCE, SETTINGS_UPDATED, LAST_DATA_TIME, S_WIDTH, S_HEIGHT, L_WIDTH, L_HEIGHT, DEGREE, LATITUDE, LONGITUDE) VALUES ('C0048','I0013','I0012','rtsp://172.16.2.20:554/cam/realmonitor?channel=1','http://192.168.71.21:8080/challenge-data',10,'de27ad6167310d667c33d6e6f3fd2050eaa4941bc5cf5a2c820c5a35f3a292a0','admin','admin123!',60,100,False,'2022-03-18 10:29:20',704,480,1920,1080,NULL, 35.8749799115047, 128.595303338041);
--INSERT INTO NT_CAMERA (CAMERA_ID, INTERSECTION_ID, DIRECTION_ID, RTSP_URL, SERVER_URL, COLLECT_CYCLE, PASSWORD, RTSP_ID, RTSP_PASSWORD, SEND_CYCLE, DISTANCE, SETTINGS_UPDATED, LAST_DATA_TIME, S_WIDTH, S_HEIGHT, L_WIDTH, L_HEIGHT, DEGREE, LATITUDE, LONGITUDE) VALUES ('C0049','I0014','I9019','rtsp://172.16.2.15:554/cam/realmonitor?channel=1','http://192.168.71.21:8080/challenge-data',10,'de27ad6167310d667c33d6e6f3fd2050eaa4941bc5cf5a2c820c5a35f3a292a0','admin','admin123!',60,100,False,'2022-03-18 10:28:20',704,480,1920,1080,NULL, 35.8740477219702, 128.601360403411);
--INSERT INTO NT_CAMERA (CAMERA_ID, INTERSECTION_ID, DIRECTION_ID, RTSP_URL, SERVER_URL, COLLECT_CYCLE, PASSWORD, RTSP_ID, RTSP_PASSWORD, SEND_CYCLE, DISTANCE, SETTINGS_UPDATED, LAST_DATA_TIME, S_WIDTH, S_HEIGHT, L_WIDTH, L_HEIGHT, DEGREE, LATITUDE, LONGITUDE) VALUES ('C0050','I0014','I0015','rtsp://172.16.2.18:554/cam/realmonitor?channel=1','http://192.168.71.21:8080/challenge-data',10,'de27ad6167310d667c33d6e6f3fd2050eaa4941bc5cf5a2c820c5a35f3a292a0','admin','admin123!',60,100,False,'2022-03-18 10:28:20',704,480,1920,1080,NULL, 35.8738126709299, 128.600910025811);
--INSERT INTO NT_CAMERA (CAMERA_ID, INTERSECTION_ID, DIRECTION_ID, RTSP_URL, SERVER_URL, COLLECT_CYCLE, PASSWORD, RTSP_ID, RTSP_PASSWORD, SEND_CYCLE, DISTANCE, SETTINGS_UPDATED, LAST_DATA_TIME, S_WIDTH, S_HEIGHT, L_WIDTH, L_HEIGHT, DEGREE, LATITUDE, LONGITUDE) VALUES ('C0051','I0014','I9020','rtsp://172.16.2.17:554/cam/realmonitor?channel=1','http://192.168.71.21:8080/challenge-data',10,'de27ad6167310d667c33d6e6f3fd2050eaa4941bc5cf5a2c820c5a35f3a292a0','admin','admin123!',60,100,False,'2022-03-18 10:28:20',704,480,1920,1080,NULL, 35.8734226666043, 128.601267550768);
--INSERT INTO NT_CAMERA (CAMERA_ID, INTERSECTION_ID, DIRECTION_ID, RTSP_URL, SERVER_URL, COLLECT_CYCLE, PASSWORD, RTSP_ID, RTSP_PASSWORD, SEND_CYCLE, DISTANCE, SETTINGS_UPDATED, LAST_DATA_TIME, S_WIDTH, S_HEIGHT, L_WIDTH, L_HEIGHT, DEGREE, LATITUDE, LONGITUDE) VALUES ('C0052','I0014','I0013','rtsp://172.16.2.16:554/cam/realmonitor?channel=1','http://192.168.71.21:8080/challenge-data',10,'de27ad6167310d667c33d6e6f3fd2050eaa4941bc5cf5a2c820c5a35f3a292a0','admin','admin123!',60,100,False,'2022-03-18 10:28:20',704,480,1920,1080,NULL, 35.8736341604778, 128.601794956407);
--INSERT INTO NT_CAMERA (CAMERA_ID, INTERSECTION_ID, DIRECTION_ID, RTSP_URL, SERVER_URL, COLLECT_CYCLE, PASSWORD, RTSP_ID, RTSP_PASSWORD, SEND_CYCLE, DISTANCE, SETTINGS_UPDATED, LAST_DATA_TIME, S_WIDTH, S_HEIGHT, L_WIDTH, L_HEIGHT, DEGREE, LATITUDE, LONGITUDE) VALUES ('C0053','I0015','I9021','rtsp://172.16.2.11:554/cam/realmonitor?channel=1','http://192.168.71.21:8080/challenge-data',10,'de27ad6167310d667c33d6e6f3fd2050eaa4941bc5cf5a2c820c5a35f3a292a0','admin','admin123!',60,100,False,'2022-03-18 10:29:20',704,480,1920,1080,NULL, 35.8728224856423, 128.604543801167);
--INSERT INTO NT_CAMERA (CAMERA_ID, INTERSECTION_ID, DIRECTION_ID, RTSP_URL, SERVER_URL, COLLECT_CYCLE, PASSWORD, RTSP_ID, RTSP_PASSWORD, SEND_CYCLE, DISTANCE, SETTINGS_UPDATED, LAST_DATA_TIME, S_WIDTH, S_HEIGHT, L_WIDTH, L_HEIGHT, DEGREE, LATITUDE, LONGITUDE) VALUES ('C0054','I0015','I9022','rtsp://172.16.2.14:554/cam/realmonitor?channel=1','http://192.168.71.21:8080/challenge-data',10,'de27ad6167310d667c33d6e6f3fd2050eaa4941bc5cf5a2c820c5a35f3a292a0','admin','admin123!',60,100,False,'2022-03-18 10:29:40',704,480,1920,1080,NULL, 35.8726300544525, 128.604108120495);
--INSERT INTO NT_CAMERA (CAMERA_ID, INTERSECTION_ID, DIRECTION_ID, RTSP_URL, SERVER_URL, COLLECT_CYCLE, PASSWORD, RTSP_ID, RTSP_PASSWORD, SEND_CYCLE, DISTANCE, SETTINGS_UPDATED, LAST_DATA_TIME, S_WIDTH, S_HEIGHT, L_WIDTH, L_HEIGHT, DEGREE, LATITUDE, LONGITUDE) VALUES ('C0055','I0015','I9023','rtsp://172.16.2.13:554/cam/realmonitor?channel=1','http://192.168.71.21:8080/challenge-data',10,'de27ad6167310d667c33d6e6f3fd2050eaa4941bc5cf5a2c820c5a35f3a292a0','admin','admin123!',60,100,False,'2022-03-18 10:20:10',704,480,1920,1080,NULL, 35.8721875739713, 128.604514389015);
--INSERT INTO NT_CAMERA (CAMERA_ID, INTERSECTION_ID, DIRECTION_ID, RTSP_URL, SERVER_URL, COLLECT_CYCLE, PASSWORD, RTSP_ID, RTSP_PASSWORD, SEND_CYCLE, DISTANCE, SETTINGS_UPDATED, LAST_DATA_TIME, S_WIDTH, S_HEIGHT, L_WIDTH, L_HEIGHT, DEGREE, LATITUDE, LONGITUDE) VALUES ('C0056','I0015','I0014','rtsp://172.16.2.12:554/cam/realmonitor?channel=1','http://192.168.71.21:8080/challenge-data',10,'de27ad6167310d667c33d6e6f3fd2050eaa4941bc5cf5a2c820c5a35f3a292a0','admin','admin123!',60,100,False,'2022-03-18 10:29:40',704,480,1920,1080,NULL, 35.8725064253416, 128.604930474862);
--INSERT INTO NT_CAMERA (CAMERA_ID, INTERSECTION_ID, DIRECTION_ID, RTSP_URL, SERVER_URL, COLLECT_CYCLE, PASSWORD, RTSP_ID, RTSP_PASSWORD, SEND_CYCLE, DISTANCE, SETTINGS_UPDATED, LAST_DATA_TIME, S_WIDTH, S_HEIGHT, L_WIDTH, L_HEIGHT, DEGREE, LATITUDE, LONGITUDE) VALUES ('C0057','I0016','I9010','rtsp://172.18.3.11:554/cam/realmonitor?channel=1','http://192.168.71.21:8080/challenge-data',10,'de27ad6167310d667c33d6e6f3fd2050eaa4941bc5cf5a2c820c5a35f3a292a0','admin','admin123!',60,100,False,'2022-03-18 10:19:50',704,480,1920,1080,NULL, 35.87220959260697, 128.56286561871278);
--INSERT INTO NT_CAMERA (CAMERA_ID, INTERSECTION_ID, DIRECTION_ID, RTSP_URL, SERVER_URL, COLLECT_CYCLE, PASSWORD, RTSP_ID, RTSP_PASSWORD, SEND_CYCLE, DISTANCE, SETTINGS_UPDATED, LAST_DATA_TIME, S_WIDTH, S_HEIGHT, L_WIDTH, L_HEIGHT, DEGREE, LATITUDE, LONGITUDE) VALUES ('C0058','I0016','I0017','rtsp://172.18.3.14:554/cam/realmonitor?channel=1','http://192.168.71.21:8080/challenge-data',10,'de27ad6167310d667c33d6e6f3fd2050eaa4941bc5cf5a2c820c5a35f3a292a0','admin','admin123!',60,100,False,'2022-03-18 10:24:10',704,480,1920,1080,NULL, 35.87188239426966, 128.56256025414373);
--INSERT INTO NT_CAMERA (CAMERA_ID, INTERSECTION_ID, DIRECTION_ID, RTSP_URL, SERVER_URL, COLLECT_CYCLE, PASSWORD, RTSP_ID, RTSP_PASSWORD, SEND_CYCLE, DISTANCE, SETTINGS_UPDATED, LAST_DATA_TIME, S_WIDTH, S_HEIGHT, L_WIDTH, L_HEIGHT, DEGREE, LATITUDE, LONGITUDE) VALUES ('C0059','I0016','I9006','rtsp://172.18.3.13:554/cam/realmonitor?channel=1','http://192.168.71.21:8080/challenge-data',10,'de27ad6167310d667c33d6e6f3fd2050eaa4941bc5cf5a2c820c5a35f3a292a0','admin','admin123!',60,100,False,'2022-03-18 10:24:20',704,480,1920,1080,NULL, 35.87160954667925, 128.56292579821604);
--INSERT INTO NT_CAMERA (CAMERA_ID, INTERSECTION_ID, DIRECTION_ID, RTSP_URL, SERVER_URL, COLLECT_CYCLE, PASSWORD, RTSP_ID, RTSP_PASSWORD, SEND_CYCLE, DISTANCE, SETTINGS_UPDATED, LAST_DATA_TIME, S_WIDTH, S_HEIGHT, L_WIDTH, L_HEIGHT, DEGREE, LATITUDE, LONGITUDE) VALUES ('C0060','I0016','I0009','rtsp://172.18.3.12:554/cam/realmonitor?channel=1','http://192.168.71.21:8080/challenge-data',10,'de27ad6167310d667c33d6e6f3fd2050eaa4941bc5cf5a2c820c5a35f3a292a0','admin','admin123!',60,100,False,'2022-03-18 10:24:50',704,480,1920,1080,NULL, 35.87193395152881, 128.5632726274027);
--INSERT INTO NT_CAMERA (CAMERA_ID, INTERSECTION_ID, DIRECTION_ID, RTSP_URL, SERVER_URL, COLLECT_CYCLE, PASSWORD, RTSP_ID, RTSP_PASSWORD, SEND_CYCLE, DISTANCE, SETTINGS_UPDATED, LAST_DATA_TIME, S_WIDTH, S_HEIGHT, L_WIDTH, L_HEIGHT, DEGREE, LATITUDE, LONGITUDE) VALUES ('C0061','I0017','I9024','rtsp://172.18.1.15:554/cam/realmonitor?channel=1','http://192.168.71.21:8080/challenge-data',10,'de27ad6167310d667c33d6e6f3fd2050eaa4941bc5cf5a2c820c5a35f3a292a0','admin','admin123!',60,100,False,'2022-03-18 10:20:50',704,480,1920,1080,NULL, 35.872665072736474, 128.57112309948354);
--INSERT INTO NT_CAMERA (CAMERA_ID, INTERSECTION_ID, DIRECTION_ID, RTSP_URL, SERVER_URL, COLLECT_CYCLE, PASSWORD, RTSP_ID, RTSP_PASSWORD, SEND_CYCLE, DISTANCE, SETTINGS_UPDATED, LAST_DATA_TIME, S_WIDTH, S_HEIGHT, L_WIDTH, L_HEIGHT, DEGREE, LATITUDE, LONGITUDE) VALUES ('C0062','I0017','I0018','rtsp://172.18.1.18:554/cam/realmonitor?channel=1','http://192.168.71.21:8080/challenge-data',10,'de27ad6167310d667c33d6e6f3fd2050eaa4941bc5cf5a2c820c5a35f3a292a0','admin','admin123!',60,100,False,'2022-03-18 10:21:40',704,480,1920,1080,NULL, 35.87225731227992, 128.57060574484152);
--INSERT INTO NT_CAMERA (CAMERA_ID, INTERSECTION_ID, DIRECTION_ID, RTSP_URL, SERVER_URL, COLLECT_CYCLE, PASSWORD, RTSP_ID, RTSP_PASSWORD, SEND_CYCLE, DISTANCE, SETTINGS_UPDATED, LAST_DATA_TIME, S_WIDTH, S_HEIGHT, L_WIDTH, L_HEIGHT, DEGREE, LATITUDE, LONGITUDE) VALUES ('C0063','I0017','I0005','rtsp://172.18.1.17:554/cam/realmonitor?channel=1','http://192.168.71.21:8080/challenge-data',10,'de27ad6167310d667c33d6e6f3fd2050eaa4941bc5cf5a2c820c5a35f3a292a0','admin','admin123!',60,100,False,'2022-03-18 10:21:20',704,480,1920,1080,NULL, 35.87187219671907, 128.5711129784312);
--INSERT INTO NT_CAMERA (CAMERA_ID, INTERSECTION_ID, DIRECTION_ID, RTSP_URL, SERVER_URL, COLLECT_CYCLE, PASSWORD, RTSP_ID, RTSP_PASSWORD, SEND_CYCLE, DISTANCE, SETTINGS_UPDATED, LAST_DATA_TIME, S_WIDTH, S_HEIGHT, L_WIDTH, L_HEIGHT, DEGREE, LATITUDE, LONGITUDE) VALUES ('C0064','I0017','I0016','rtsp://172.18.1.16:554/cam/realmonitor?channel=1','http://192.168.71.21:8080/challenge-data',10,'de27ad6167310d667c33d6e6f3fd2050eaa4941bc5cf5a2c820c5a35f3a292a0','admin','admin123!',60,100,False,'2022-03-18 10:21:20',704,480,1920,1080,NULL, 35.87226222644116, 128.57160783922342);
--INSERT INTO NT_CAMERA (CAMERA_ID, INTERSECTION_ID, DIRECTION_ID, RTSP_URL, SERVER_URL, COLLECT_CYCLE, PASSWORD, RTSP_ID, RTSP_PASSWORD, SEND_CYCLE, DISTANCE, SETTINGS_UPDATED, LAST_DATA_TIME, S_WIDTH, S_HEIGHT, L_WIDTH, L_HEIGHT, DEGREE, LATITUDE, LONGITUDE) VALUES ('C0065','I0018','I9025','rtsp://172.16.3.15:554/cam/realmonitor?channel=1','http://192.168.71.21:8080/challenge-data',10,'de27ad6167310d667c33d6e6f3fd2050eaa4941bc5cf5a2c820c5a35f3a292a0','admin','admin123!',60,100,False,'2022-03-18 10:20:50',704,480,1920,1080,NULL, 35.87092435342331, 128.58222121866075);
--INSERT INTO NT_CAMERA (CAMERA_ID, INTERSECTION_ID, DIRECTION_ID, RTSP_URL, SERVER_URL, COLLECT_CYCLE, PASSWORD, RTSP_ID, RTSP_PASSWORD, SEND_CYCLE, DISTANCE, SETTINGS_UPDATED, LAST_DATA_TIME, S_WIDTH, S_HEIGHT, L_WIDTH, L_HEIGHT, DEGREE, LATITUDE, LONGITUDE) VALUES ('C0066','I0018','I0019','rtsp://172.16.3.18:554/cam/realmonitor?channel=1','http://192.168.71.21:8080/challenge-data',10,'de27ad6167310d667c33d6e6f3fd2050eaa4941bc5cf5a2c820c5a35f3a292a0','admin','admin123!',60,100,False,'2022-03-18 10:21:10',704,480,1920,1080,NULL, 35.87055557921834, 128.58182638156765);
--INSERT INTO NT_CAMERA (CAMERA_ID, INTERSECTION_ID, DIRECTION_ID, RTSP_URL, SERVER_URL, COLLECT_CYCLE, PASSWORD, RTSP_ID, RTSP_PASSWORD, SEND_CYCLE, DISTANCE, SETTINGS_UPDATED, LAST_DATA_TIME, S_WIDTH, S_HEIGHT, L_WIDTH, L_HEIGHT, DEGREE, LATITUDE, LONGITUDE) VALUES ('C0067','I0018','I0011','rtsp://172.16.3.17:554/cam/realmonitor?channel=1','http://192.168.71.21:8080/challenge-data',10,'de27ad6167310d667c33d6e6f3fd2050eaa4941bc5cf5a2c820c5a35f3a292a0','admin','admin123!',60,100,False,'2022-03-18 10:21:00',704,480,1920,1080,NULL, 35.87027097594118, 128.58222483326668);
--INSERT INTO NT_CAMERA (CAMERA_ID, INTERSECTION_ID, DIRECTION_ID, RTSP_URL, SERVER_URL, COLLECT_CYCLE, PASSWORD, RTSP_ID, RTSP_PASSWORD, SEND_CYCLE, DISTANCE, SETTINGS_UPDATED, LAST_DATA_TIME, S_WIDTH, S_HEIGHT, L_WIDTH, L_HEIGHT, DEGREE, LATITUDE, LONGITUDE) VALUES ('C0068','I0018','I0017','rtsp://172.16.3.16:554/cam/realmonitor?channel=1','http://192.168.71.21:8080/challenge-data',10,'de27ad6167310d667c33d6e6f3fd2050eaa4941bc5cf5a2c820c5a35f3a292a0','admin','admin123!',60,100,False,'2022-03-18 10:21:00',704,480,1920,1080,NULL, 35.870603639577546, 128.5826244882361);
--INSERT INTO NT_CAMERA (CAMERA_ID, INTERSECTION_ID, DIRECTION_ID, RTSP_URL, SERVER_URL, COLLECT_CYCLE, PASSWORD, RTSP_ID, RTSP_PASSWORD, SEND_CYCLE, DISTANCE, SETTINGS_UPDATED, LAST_DATA_TIME, S_WIDTH, S_HEIGHT, L_WIDTH, L_HEIGHT, DEGREE, LATITUDE, LONGITUDE) VALUES ('C0069','I0019','I9026','rtsp://172.16.3.11:554/cam/realmonitor?channel=1','http://192.168.71.21:8080/challenge-data',10,'de27ad6167310d667c33d6e6f3fd2050eaa4941bc5cf5a2c820c5a35f3a292a0','admin','admin123!',60,100,False,'2022-03-18 10:22:30',704,480,1920,1080,NULL, 35.870442680074824, 128.58731007434116);
--INSERT INTO NT_CAMERA (CAMERA_ID, INTERSECTION_ID, DIRECTION_ID, RTSP_URL, SERVER_URL, COLLECT_CYCLE, PASSWORD, RTSP_ID, RTSP_PASSWORD, SEND_CYCLE, DISTANCE, SETTINGS_UPDATED, LAST_DATA_TIME, S_WIDTH, S_HEIGHT, L_WIDTH, L_HEIGHT, DEGREE, LATITUDE, LONGITUDE) VALUES ('C0070','I0019','I9017','rtsp://172.16.3.14:554/cam/realmonitor?channel=1','http://192.168.71.21:8080/challenge-data',10,'de27ad6167310d667c33d6e6f3fd2050eaa4941bc5cf5a2c820c5a35f3a292a0','admin','admin123!',60,100,False,'2022-03-18 10:22:20',704,480,1920,1080,NULL, 35.87015690582412, 128.58677294262085);
--INSERT INTO NT_CAMERA (CAMERA_ID, INTERSECTION_ID, DIRECTION_ID, RTSP_URL, SERVER_URL, COLLECT_CYCLE, PASSWORD, RTSP_ID, RTSP_PASSWORD, SEND_CYCLE, DISTANCE, SETTINGS_UPDATED, LAST_DATA_TIME, S_WIDTH, S_HEIGHT, L_WIDTH, L_HEIGHT, DEGREE, LATITUDE, LONGITUDE) VALUES ('C0071','I0019','I0012','rtsp://172.16.3.13:554/cam/realmonitor?channel=1','http://192.168.71.21:8080/challenge-data',10,'de27ad6167310d667c33d6e6f3fd2050eaa4941bc5cf5a2c820c5a35f3a292a0','admin','admin123!',60,100,False,'2022-03-10 14:52:30',704,480,1920,1080,NULL, 35.86971389660798, 128.587223571697);
--INSERT INTO NT_CAMERA (CAMERA_ID, INTERSECTION_ID, DIRECTION_ID, RTSP_URL, SERVER_URL, COLLECT_CYCLE, PASSWORD, RTSP_ID, RTSP_PASSWORD, SEND_CYCLE, DISTANCE, SETTINGS_UPDATED, LAST_DATA_TIME, S_WIDTH, S_HEIGHT, L_WIDTH, L_HEIGHT, DEGREE, LATITUDE, LONGITUDE) VALUES ('C0072','I0019','I0018','rtsp://172.16.3.12:554/cam/realmonitor?channel=1','http://192.168.71.21:8080/challenge-data',10,'de27ad6167310d667c33d6e6f3fd2050eaa4941bc5cf5a2c820c5a35f3a292a0','admin','admin123!',60,100,False,'2022-03-18 10:22:20',704,480,1920,1080,NULL, 35.87009419089744, 128.58776812379665);
--
--INSERT INTO NT_CAMERA_ROAD (ROAD_ID, CAMERA_ID, START_LINE, UTURN, CROSSWALK) VALUES ('1','C0001','125.70 85.12 84.10 12.86','123.12 80.00 128.15 20.5 100.1 81.00 108.1 20.5','123.12 80.00 128.15 20.5 100.1 81.00 108.1 20.5');
--INSERT INTO NT_CAMERA_ROAD (ROAD_ID, CAMERA_ID, START_LINE, UTURN, CROSSWALK) VALUES ('2','C0002','125.70 85.12 84.10 12.87','123.12 80.00 128.15 20.5 100.1 81.00 108.1 20.6','123.12 80.00 128.15 20.5 100.1 81.00 108.1 20.6');
--INSERT INTO NT_CAMERA_ROAD (ROAD_ID, CAMERA_ID, START_LINE, UTURN, CROSSWALK) VALUES ('3','C0003','125.70 85.12 84.10 12.88','123.12 80.00 128.15 20.5 100.1 81.00 108.1 20.7','123.12 80.00 128.15 20.5 100.1 81.00 108.1 20.7');
--INSERT INTO NT_CAMERA_ROAD (ROAD_ID, CAMERA_ID, START_LINE, UTURN, CROSSWALK) VALUES ('4','C0004','125.70 85.12 84.10 12.89','123.12 80.00 128.15 20.5 100.1 81.00 108.1 20.8','123.12 80.00 128.15 20.5 100.1 81.00 108.1 20.8');
--INSERT INTO NT_CAMERA_ROAD (ROAD_ID, CAMERA_ID, START_LINE, UTURN, CROSSWALK) VALUES ('5','C0005','125.70 85.12 84.10 12.90','123.12 80.00 128.15 20.5 100.1 81.00 108.1 20.9','123.12 80.00 128.15 20.5 100.1 81.00 108.1 20.9');
--INSERT INTO NT_CAMERA_ROAD (ROAD_ID, CAMERA_ID, START_LINE, UTURN, CROSSWALK) VALUES ('6','C0006','125.70 85.12 84.10 12.91','123.12 80.00 128.15 20.5 100.1 81.00 108.1 20.10','123.12 80.00 128.15 20.5 100.1 81.00 108.1 20.10');
--INSERT INTO NT_CAMERA_ROAD (ROAD_ID, CAMERA_ID, START_LINE, UTURN, CROSSWALK) VALUES ('7','C0007','125.70 85.12 84.10 12.92','123.12 80.00 128.15 20.5 100.1 81.00 108.1 20.11','123.12 80.00 128.15 20.5 100.1 81.00 108.1 20.11');
--INSERT INTO NT_CAMERA_ROAD (ROAD_ID, CAMERA_ID, START_LINE, UTURN, CROSSWALK) VALUES ('8','C0008','125.70 85.12 84.10 12.93','123.12 80.00 128.15 20.5 100.1 81.00 108.1 20.12','123.12 80.00 128.15 20.5 100.1 81.00 108.1 20.12');
--INSERT INTO NT_CAMERA_ROAD (ROAD_ID, CAMERA_ID, START_LINE, UTURN, CROSSWALK) VALUES ('9','C0009','125.70 85.12 84.10 12.94','123.12 80.00 128.15 20.5 100.1 81.00 108.1 20.13','123.12 80.00 128.15 20.5 100.1 81.00 108.1 20.13');
--INSERT INTO NT_CAMERA_ROAD (ROAD_ID, CAMERA_ID, START_LINE, UTURN, CROSSWALK) VALUES ('10','C0010','125.70 85.12 84.10 12.95','123.12 80.00 128.15 20.5 100.1 81.00 108.1 20.14','123.12 80.00 128.15 20.5 100.1 81.00 108.1 20.14');
--INSERT INTO NT_CAMERA_ROAD (ROAD_ID, CAMERA_ID, START_LINE, UTURN, CROSSWALK) VALUES ('11','C0011','125.70 85.12 84.10 12.96','123.12 80.00 128.15 20.5 100.1 81.00 108.1 20.15','123.12 80.00 128.15 20.5 100.1 81.00 108.1 20.15');
--INSERT INTO NT_CAMERA_ROAD (ROAD_ID, CAMERA_ID, START_LINE, UTURN, CROSSWALK) VALUES ('12','C0012','125.70 85.12 84.10 12.97','123.12 80.00 128.15 20.5 100.1 81.00 108.1 20.16','123.12 80.00 128.15 20.5 100.1 81.00 108.1 20.16');
--INSERT INTO NT_CAMERA_ROAD (ROAD_ID, CAMERA_ID, START_LINE, UTURN, CROSSWALK) VALUES ('13','C0013','125.70 85.12 84.10 12.98','123.12 80.00 128.15 20.5 100.1 81.00 108.1 20.17','123.12 80.00 128.15 20.5 100.1 81.00 108.1 20.17');
--INSERT INTO NT_CAMERA_ROAD (ROAD_ID, CAMERA_ID, START_LINE, UTURN, CROSSWALK) VALUES ('14','C0014','125.70 85.12 84.10 12.99','123.12 80.00 128.15 20.5 100.1 81.00 108.1 20.18','123.12 80.00 128.15 20.5 100.1 81.00 108.1 20.18');
--INSERT INTO NT_CAMERA_ROAD (ROAD_ID, CAMERA_ID, START_LINE, UTURN, CROSSWALK) VALUES ('15','C0015','125.70 85.12 84.10 12.100','123.12 80.00 128.15 20.5 100.1 81.00 108.1 20.19','123.12 80.00 128.15 20.5 100.1 81.00 108.1 20.19');
--INSERT INTO NT_CAMERA_ROAD (ROAD_ID, CAMERA_ID, START_LINE, UTURN, CROSSWALK) VALUES ('16','C0016','125.70 85.12 84.10 12.101','123.12 80.00 128.15 20.5 100.1 81.00 108.1 20.20','123.12 80.00 128.15 20.5 100.1 81.00 108.1 20.20');
--INSERT INTO NT_CAMERA_ROAD (ROAD_ID, CAMERA_ID, START_LINE, UTURN, CROSSWALK) VALUES ('17','C0017','125.70 85.12 84.10 12.102','123.12 80.00 128.15 20.5 100.1 81.00 108.1 20.21','123.12 80.00 128.15 20.5 100.1 81.00 108.1 20.21');
--INSERT INTO NT_CAMERA_ROAD (ROAD_ID, CAMERA_ID, START_LINE, UTURN, CROSSWALK) VALUES ('18','C0018','125.70 85.12 84.10 12.103','123.12 80.00 128.15 20.5 100.1 81.00 108.1 20.22','123.12 80.00 128.15 20.5 100.1 81.00 108.1 20.22');
--INSERT INTO NT_CAMERA_ROAD (ROAD_ID, CAMERA_ID, START_LINE, UTURN, CROSSWALK) VALUES ('19','C0019','125.70 85.12 84.10 12.104','123.12 80.00 128.15 20.5 100.1 81.00 108.1 20.23','123.12 80.00 128.15 20.5 100.1 81.00 108.1 20.23');
--INSERT INTO NT_CAMERA_ROAD (ROAD_ID, CAMERA_ID, START_LINE, UTURN, CROSSWALK) VALUES ('20','C0020','125.70 85.12 84.10 12.105','123.12 80.00 128.15 20.5 100.1 81.00 108.1 20.24','123.12 80.00 128.15 20.5 100.1 81.00 108.1 20.24');
--INSERT INTO NT_CAMERA_ROAD (ROAD_ID, CAMERA_ID, START_LINE, UTURN, CROSSWALK) VALUES ('21','C0021','125.70 85.12 84.10 12.106','123.12 80.00 128.15 20.5 100.1 81.00 108.1 20.25','123.12 80.00 128.15 20.5 100.1 81.00 108.1 20.25');
--INSERT INTO NT_CAMERA_ROAD (ROAD_ID, CAMERA_ID, START_LINE, UTURN, CROSSWALK) VALUES ('22','C0022','125.70 85.12 84.10 12.107','123.12 80.00 128.15 20.5 100.1 81.00 108.1 20.26','123.12 80.00 128.15 20.5 100.1 81.00 108.1 20.26');
--INSERT INTO NT_CAMERA_ROAD (ROAD_ID, CAMERA_ID, START_LINE, UTURN, CROSSWALK) VALUES ('23','C0023','125.70 85.12 84.10 12.108','123.12 80.00 128.15 20.5 100.1 81.00 108.1 20.27','123.12 80.00 128.15 20.5 100.1 81.00 108.1 20.27');
--INSERT INTO NT_CAMERA_ROAD (ROAD_ID, CAMERA_ID, START_LINE, UTURN, CROSSWALK) VALUES ('24','C0024','125.70 85.12 84.10 12.109','123.12 80.00 128.15 20.5 100.1 81.00 108.1 20.28','123.12 80.00 128.15 20.5 100.1 81.00 108.1 20.28');
--INSERT INTO NT_CAMERA_ROAD (ROAD_ID, CAMERA_ID, START_LINE, UTURN, CROSSWALK) VALUES ('25','C0025','125.70 85.12 84.10 12.110','123.12 80.00 128.15 20.5 100.1 81.00 108.1 20.29','123.12 80.00 128.15 20.5 100.1 81.00 108.1 20.29');
--INSERT INTO NT_CAMERA_ROAD (ROAD_ID, CAMERA_ID, START_LINE, UTURN, CROSSWALK) VALUES ('26','C0026','125.70 85.12 84.10 12.111','123.12 80.00 128.15 20.5 100.1 81.00 108.1 20.30','123.12 80.00 128.15 20.5 100.1 81.00 108.1 20.30');
--INSERT INTO NT_CAMERA_ROAD (ROAD_ID, CAMERA_ID, START_LINE, UTURN, CROSSWALK) VALUES ('27','C0027','125.70 85.12 84.10 12.112','123.12 80.00 128.15 20.5 100.1 81.00 108.1 20.31','123.12 80.00 128.15 20.5 100.1 81.00 108.1 20.31');
--INSERT INTO NT_CAMERA_ROAD (ROAD_ID, CAMERA_ID, START_LINE, UTURN, CROSSWALK) VALUES ('28','C0028','125.70 85.12 84.10 12.113','123.12 80.00 128.15 20.5 100.1 81.00 108.1 20.32','123.12 80.00 128.15 20.5 100.1 81.00 108.1 20.32');
--INSERT INTO NT_CAMERA_ROAD (ROAD_ID, CAMERA_ID, START_LINE, UTURN, CROSSWALK) VALUES ('29','C0029','125.70 85.12 84.10 12.114','123.12 80.00 128.15 20.5 100.1 81.00 108.1 20.33','123.12 80.00 128.15 20.5 100.1 81.00 108.1 20.33');
--INSERT INTO NT_CAMERA_ROAD (ROAD_ID, CAMERA_ID, START_LINE, UTURN, CROSSWALK) VALUES ('30','C0030','125.70 85.12 84.10 12.115','123.12 80.00 128.15 20.5 100.1 81.00 108.1 20.34','123.12 80.00 128.15 20.5 100.1 81.00 108.1 20.34');
--INSERT INTO NT_CAMERA_ROAD (ROAD_ID, CAMERA_ID, START_LINE, UTURN, CROSSWALK) VALUES ('31','C0031','125.70 85.12 84.10 12.116','123.12 80.00 128.15 20.5 100.1 81.00 108.1 20.35','123.12 80.00 128.15 20.5 100.1 81.00 108.1 20.35');
--INSERT INTO NT_CAMERA_ROAD (ROAD_ID, CAMERA_ID, START_LINE, UTURN, CROSSWALK) VALUES ('32','C0032','125.70 85.12 84.10 12.117','123.12 80.00 128.15 20.5 100.1 81.00 108.1 20.36','123.12 80.00 128.15 20.5 100.1 81.00 108.1 20.36');
--INSERT INTO NT_CAMERA_ROAD (ROAD_ID, CAMERA_ID, START_LINE, UTURN, CROSSWALK) VALUES ('33','C0033','125.70 85.12 84.10 12.118','123.12 80.00 128.15 20.5 100.1 81.00 108.1 20.37','123.12 80.00 128.15 20.5 100.1 81.00 108.1 20.37');
--INSERT INTO NT_CAMERA_ROAD (ROAD_ID, CAMERA_ID, START_LINE, UTURN, CROSSWALK) VALUES ('34','C0034','125.70 85.12 84.10 12.119','123.12 80.00 128.15 20.5 100.1 81.00 108.1 20.38','123.12 80.00 128.15 20.5 100.1 81.00 108.1 20.38');
--INSERT INTO NT_CAMERA_ROAD (ROAD_ID, CAMERA_ID, START_LINE, UTURN, CROSSWALK) VALUES ('35','C0035','125.70 85.12 84.10 12.120','123.12 80.00 128.15 20.5 100.1 81.00 108.1 20.39','123.12 80.00 128.15 20.5 100.1 81.00 108.1 20.39');
--INSERT INTO NT_CAMERA_ROAD (ROAD_ID, CAMERA_ID, START_LINE, UTURN, CROSSWALK) VALUES ('36','C0036','125.70 85.12 84.10 12.121','123.12 80.00 128.15 20.5 100.1 81.00 108.1 20.40','123.12 80.00 128.15 20.5 100.1 81.00 108.1 20.40');
--INSERT INTO NT_CAMERA_ROAD (ROAD_ID, CAMERA_ID, START_LINE, UTURN, CROSSWALK) VALUES ('37','C0037','125.70 85.12 84.10 12.122','123.12 80.00 128.15 20.5 100.1 81.00 108.1 20.41','123.12 80.00 128.15 20.5 100.1 81.00 108.1 20.41');
--INSERT INTO NT_CAMERA_ROAD (ROAD_ID, CAMERA_ID, START_LINE, UTURN, CROSSWALK) VALUES ('38','C0038','125.70 85.12 84.10 12.123','123.12 80.00 128.15 20.5 100.1 81.00 108.1 20.42','123.12 80.00 128.15 20.5 100.1 81.00 108.1 20.42');
--INSERT INTO NT_CAMERA_ROAD (ROAD_ID, CAMERA_ID, START_LINE, UTURN, CROSSWALK) VALUES ('39','C0039','125.70 85.12 84.10 12.124','123.12 80.00 128.15 20.5 100.1 81.00 108.1 20.43','123.12 80.00 128.15 20.5 100.1 81.00 108.1 20.43');
--INSERT INTO NT_CAMERA_ROAD (ROAD_ID, CAMERA_ID, START_LINE, UTURN, CROSSWALK) VALUES ('40','C0040','125.70 85.12 84.10 12.125','123.12 80.00 128.15 20.5 100.1 81.00 108.1 20.44','123.12 80.00 128.15 20.5 100.1 81.00 108.1 20.44');
--INSERT INTO NT_CAMERA_ROAD (ROAD_ID, CAMERA_ID, START_LINE, UTURN, CROSSWALK) VALUES ('41','C0041','125.70 85.12 84.10 12.126','123.12 80.00 128.15 20.5 100.1 81.00 108.1 20.45','123.12 80.00 128.15 20.5 100.1 81.00 108.1 20.45');
--INSERT INTO NT_CAMERA_ROAD (ROAD_ID, CAMERA_ID, START_LINE, UTURN, CROSSWALK) VALUES ('42','C0042','125.70 85.12 84.10 12.127','123.12 80.00 128.15 20.5 100.1 81.00 108.1 20.46','123.12 80.00 128.15 20.5 100.1 81.00 108.1 20.46');
--INSERT INTO NT_CAMERA_ROAD (ROAD_ID, CAMERA_ID, START_LINE, UTURN, CROSSWALK) VALUES ('43','C0043','125.70 85.12 84.10 12.128','123.12 80.00 128.15 20.5 100.1 81.00 108.1 20.47','123.12 80.00 128.15 20.5 100.1 81.00 108.1 20.47');
--INSERT INTO NT_CAMERA_ROAD (ROAD_ID, CAMERA_ID, START_LINE, UTURN, CROSSWALK) VALUES ('44','C0044','125.70 85.12 84.10 12.129','123.12 80.00 128.15 20.5 100.1 81.00 108.1 20.48','123.12 80.00 128.15 20.5 100.1 81.00 108.1 20.48');
--INSERT INTO NT_CAMERA_ROAD (ROAD_ID, CAMERA_ID, START_LINE, UTURN, CROSSWALK) VALUES ('45','C0045','125.70 85.12 84.10 12.130','123.12 80.00 128.15 20.5 100.1 81.00 108.1 20.49','123.12 80.00 128.15 20.5 100.1 81.00 108.1 20.49');
--INSERT INTO NT_CAMERA_ROAD (ROAD_ID, CAMERA_ID, START_LINE, UTURN, CROSSWALK) VALUES ('46','C0046','125.70 85.12 84.10 12.131','123.12 80.00 128.15 20.5 100.1 81.00 108.1 20.50','123.12 80.00 128.15 20.5 100.1 81.00 108.1 20.50');
--INSERT INTO NT_CAMERA_ROAD (ROAD_ID, CAMERA_ID, START_LINE, UTURN, CROSSWALK) VALUES ('47','C0047','125.70 85.12 84.10 12.132','123.12 80.00 128.15 20.5 100.1 81.00 108.1 20.51','123.12 80.00 128.15 20.5 100.1 81.00 108.1 20.51');
--INSERT INTO NT_CAMERA_ROAD (ROAD_ID, CAMERA_ID, START_LINE, UTURN, CROSSWALK) VALUES ('48','C0048','125.70 85.12 84.10 12.133','123.12 80.00 128.15 20.5 100.1 81.00 108.1 20.52','123.12 80.00 128.15 20.5 100.1 81.00 108.1 20.52');
--INSERT INTO NT_CAMERA_ROAD (ROAD_ID, CAMERA_ID, START_LINE, UTURN, CROSSWALK) VALUES ('49','C0049','125.70 85.12 84.10 12.134','123.12 80.00 128.15 20.5 100.1 81.00 108.1 20.53','123.12 80.00 128.15 20.5 100.1 81.00 108.1 20.53');
--INSERT INTO NT_CAMERA_ROAD (ROAD_ID, CAMERA_ID, START_LINE, UTURN, CROSSWALK) VALUES ('50','C0050','125.70 85.12 84.10 12.135','123.12 80.00 128.15 20.5 100.1 81.00 108.1 20.54','123.12 80.00 128.15 20.5 100.1 81.00 108.1 20.54');
--INSERT INTO NT_CAMERA_ROAD (ROAD_ID, CAMERA_ID, START_LINE, UTURN, CROSSWALK) VALUES ('51','C0051','125.70 85.12 84.10 12.136','123.12 80.00 128.15 20.5 100.1 81.00 108.1 20.55','123.12 80.00 128.15 20.5 100.1 81.00 108.1 20.55');
--INSERT INTO NT_CAMERA_ROAD (ROAD_ID, CAMERA_ID, START_LINE, UTURN, CROSSWALK) VALUES ('52','C0052','125.70 85.12 84.10 12.137','123.12 80.00 128.15 20.5 100.1 81.00 108.1 20.56','123.12 80.00 128.15 20.5 100.1 81.00 108.1 20.56');
--INSERT INTO NT_CAMERA_ROAD (ROAD_ID, CAMERA_ID, START_LINE, UTURN, CROSSWALK) VALUES ('53','C0053','125.70 85.12 84.10 12.138','123.12 80.00 128.15 20.5 100.1 81.00 108.1 20.57','123.12 80.00 128.15 20.5 100.1 81.00 108.1 20.57');
--INSERT INTO NT_CAMERA_ROAD (ROAD_ID, CAMERA_ID, START_LINE, UTURN, CROSSWALK) VALUES ('54','C0054','125.70 85.12 84.10 12.139','123.12 80.00 128.15 20.5 100.1 81.00 108.1 20.58','123.12 80.00 128.15 20.5 100.1 81.00 108.1 20.58');
--INSERT INTO NT_CAMERA_ROAD (ROAD_ID, CAMERA_ID, START_LINE, UTURN, CROSSWALK) VALUES ('55','C0055','125.70 85.12 84.10 12.140','123.12 80.00 128.15 20.5 100.1 81.00 108.1 20.59','123.12 80.00 128.15 20.5 100.1 81.00 108.1 20.59');
--INSERT INTO NT_CAMERA_ROAD (ROAD_ID, CAMERA_ID, START_LINE, UTURN, CROSSWALK) VALUES ('56','C0056','125.70 85.12 84.10 12.141','123.12 80.00 128.15 20.5 100.1 81.00 108.1 20.60','123.12 80.00 128.15 20.5 100.1 81.00 108.1 20.60');
--INSERT INTO NT_CAMERA_ROAD (ROAD_ID, CAMERA_ID, START_LINE, UTURN, CROSSWALK) VALUES ('57','C0057','125.70 85.12 84.10 12.142','123.12 80.00 128.15 20.5 100.1 81.00 108.1 20.61','123.12 80.00 128.15 20.5 100.1 81.00 108.1 20.61');
--INSERT INTO NT_CAMERA_ROAD (ROAD_ID, CAMERA_ID, START_LINE, UTURN, CROSSWALK) VALUES ('58','C0058','125.70 85.12 84.10 12.143','123.12 80.00 128.15 20.5 100.1 81.00 108.1 20.62','123.12 80.00 128.15 20.5 100.1 81.00 108.1 20.62');
--INSERT INTO NT_CAMERA_ROAD (ROAD_ID, CAMERA_ID, START_LINE, UTURN, CROSSWALK) VALUES ('59','C0059','125.70 85.12 84.10 12.143','123.12 80.00 128.15 20.5 100.1 81.00 108.1 20.62','123.12 80.00 128.15 20.5 100.1 81.00 108.1 20.62');
--INSERT INTO NT_CAMERA_ROAD (ROAD_ID, CAMERA_ID, START_LINE, UTURN, CROSSWALK) VALUES ('60','C0060','125.70 85.12 84.10 12.143','123.12 80.00 128.15 20.5 100.1 81.00 108.1 20.62','123.12 80.00 128.15 20.5 100.1 81.00 108.1 20.62');
--INSERT INTO NT_CAMERA_ROAD (ROAD_ID, CAMERA_ID, START_LINE, UTURN, CROSSWALK) VALUES ('61','C0061','125.70 85.12 84.10 12.143','123.12 80.00 128.15 20.5 100.1 81.00 108.1 20.62','123.12 80.00 128.15 20.5 100.1 81.00 108.1 20.62');
--INSERT INTO NT_CAMERA_ROAD (ROAD_ID, CAMERA_ID, START_LINE, UTURN, CROSSWALK) VALUES ('62','C0062','125.70 85.12 84.10 12.143','123.12 80.00 128.15 20.5 100.1 81.00 108.1 20.62','123.12 80.00 128.15 20.5 100.1 81.00 108.1 20.62');
--INSERT INTO NT_CAMERA_ROAD (ROAD_ID, CAMERA_ID, START_LINE, UTURN, CROSSWALK) VALUES ('63','C0063','125.70 85.12 84.10 12.143','123.12 80.00 128.15 20.5 100.1 81.00 108.1 20.62','123.12 80.00 128.15 20.5 100.1 81.00 108.1 20.62');
--INSERT INTO NT_CAMERA_ROAD (ROAD_ID, CAMERA_ID, START_LINE, UTURN, CROSSWALK) VALUES ('64','C0064','125.70 85.12 84.10 12.143','123.12 80.00 128.15 20.5 100.1 81.00 108.1 20.62','123.12 80.00 128.15 20.5 100.1 81.00 108.1 20.62');
--INSERT INTO NT_CAMERA_ROAD (ROAD_ID, CAMERA_ID, START_LINE, UTURN, CROSSWALK) VALUES ('65','C0065','125.70 85.12 84.10 12.143','123.12 80.00 128.15 20.5 100.1 81.00 108.1 20.62','123.12 80.00 128.15 20.5 100.1 81.00 108.1 20.62');
--INSERT INTO NT_CAMERA_ROAD (ROAD_ID, CAMERA_ID, START_LINE, UTURN, CROSSWALK) VALUES ('66','C0066','125.70 85.12 84.10 12.143','123.12 80.00 128.15 20.5 100.1 81.00 108.1 20.62','123.12 80.00 128.15 20.5 100.1 81.00 108.1 20.62');
--INSERT INTO NT_CAMERA_ROAD (ROAD_ID, CAMERA_ID, START_LINE, UTURN, CROSSWALK) VALUES ('67','C0067','125.70 85.12 84.10 12.143','123.12 80.00 128.15 20.5 100.1 81.00 108.1 20.62','123.12 80.00 128.15 20.5 100.1 81.00 108.1 20.62');
--INSERT INTO NT_CAMERA_ROAD (ROAD_ID, CAMERA_ID, START_LINE, UTURN, CROSSWALK) VALUES ('68','C0068','125.70 85.12 84.10 12.143','123.12 80.00 128.15 20.5 100.1 81.00 108.1 20.62','123.12 80.00 128.15 20.5 100.1 81.00 108.1 20.62');
--INSERT INTO NT_CAMERA_ROAD (ROAD_ID, CAMERA_ID, START_LINE, UTURN, CROSSWALK) VALUES ('69','C0069','125.70 85.12 84.10 12.143','123.12 80.00 128.15 20.5 100.1 81.00 108.1 20.62','123.12 80.00 128.15 20.5 100.1 81.00 108.1 20.62');
--INSERT INTO NT_CAMERA_ROAD (ROAD_ID, CAMERA_ID, START_LINE, UTURN, CROSSWALK) VALUES ('70','C0070','125.70 85.12 84.10 12.143','123.12 80.00 128.15 20.5 100.1 81.00 108.1 20.62','123.12 80.00 128.15 20.5 100.1 81.00 108.1 20.62');
--INSERT INTO NT_CAMERA_ROAD (ROAD_ID, CAMERA_ID, START_LINE, UTURN, CROSSWALK) VALUES ('71','C0071','125.70 85.12 84.10 12.143','123.12 80.00 128.15 20.5 100.1 81.00 108.1 20.62','123.12 80.00 128.15 20.5 100.1 81.00 108.1 20.62');
--INSERT INTO NT_CAMERA_ROAD (ROAD_ID, CAMERA_ID, START_LINE, UTURN, CROSSWALK) VALUES ('72','C0072','125.70 85.12 84.10 12.143','123.12 80.00 128.15 20.5 100.1 81.00 108.1 20.62','123.12 80.00 128.15 20.5 100.1 81.00 108.1 20.62');
--
--INSERT INTO NT_CAMERA_ROAD_DIRECTION (ROAD_ID, DIRECTION) VALUES ('1',TRUE);
--INSERT INTO NT_CAMERA_ROAD_DIRECTION (ROAD_ID, DIRECTION) VALUES ('2',TRUE);
--INSERT INTO NT_CAMERA_ROAD_DIRECTION (ROAD_ID, DIRECTION) VALUES ('3',TRUE);
--INSERT INTO NT_CAMERA_ROAD_DIRECTION (ROAD_ID, DIRECTION) VALUES ('4',TRUE);
--INSERT INTO NT_CAMERA_ROAD_DIRECTION (ROAD_ID, DIRECTION) VALUES ('5',TRUE);
--INSERT INTO NT_CAMERA_ROAD_DIRECTION (ROAD_ID, DIRECTION) VALUES ('6',TRUE);
--INSERT INTO NT_CAMERA_ROAD_DIRECTION (ROAD_ID, DIRECTION) VALUES ('7',TRUE);
--INSERT INTO NT_CAMERA_ROAD_DIRECTION (ROAD_ID, DIRECTION) VALUES ('8',TRUE);
--INSERT INTO NT_CAMERA_ROAD_DIRECTION (ROAD_ID, DIRECTION) VALUES ('9',TRUE);
--INSERT INTO NT_CAMERA_ROAD_DIRECTION (ROAD_ID, DIRECTION) VALUES ('10',TRUE);
--INSERT INTO NT_CAMERA_ROAD_DIRECTION (ROAD_ID, DIRECTION) VALUES ('11',TRUE);
--INSERT INTO NT_CAMERA_ROAD_DIRECTION (ROAD_ID, DIRECTION) VALUES ('12',TRUE);
--INSERT INTO NT_CAMERA_ROAD_DIRECTION (ROAD_ID, DIRECTION) VALUES ('13',TRUE);
--INSERT INTO NT_CAMERA_ROAD_DIRECTION (ROAD_ID, DIRECTION) VALUES ('14',TRUE);
--INSERT INTO NT_CAMERA_ROAD_DIRECTION (ROAD_ID, DIRECTION) VALUES ('15',TRUE);
--INSERT INTO NT_CAMERA_ROAD_DIRECTION (ROAD_ID, DIRECTION) VALUES ('16',TRUE);
--INSERT INTO NT_CAMERA_ROAD_DIRECTION (ROAD_ID, DIRECTION) VALUES ('17',TRUE);
--INSERT INTO NT_CAMERA_ROAD_DIRECTION (ROAD_ID, DIRECTION) VALUES ('18',TRUE);
--INSERT INTO NT_CAMERA_ROAD_DIRECTION (ROAD_ID, DIRECTION) VALUES ('19',TRUE);
--INSERT INTO NT_CAMERA_ROAD_DIRECTION (ROAD_ID, DIRECTION) VALUES ('20',TRUE);
--INSERT INTO NT_CAMERA_ROAD_DIRECTION (ROAD_ID, DIRECTION) VALUES ('21',TRUE);
--INSERT INTO NT_CAMERA_ROAD_DIRECTION (ROAD_ID, DIRECTION) VALUES ('22',TRUE);
--INSERT INTO NT_CAMERA_ROAD_DIRECTION (ROAD_ID, DIRECTION) VALUES ('23',TRUE);
--INSERT INTO NT_CAMERA_ROAD_DIRECTION (ROAD_ID, DIRECTION) VALUES ('24',TRUE);
--INSERT INTO NT_CAMERA_ROAD_DIRECTION (ROAD_ID, DIRECTION) VALUES ('25',TRUE);
--INSERT INTO NT_CAMERA_ROAD_DIRECTION (ROAD_ID, DIRECTION) VALUES ('26',TRUE);
--INSERT INTO NT_CAMERA_ROAD_DIRECTION (ROAD_ID, DIRECTION) VALUES ('27',TRUE);
--INSERT INTO NT_CAMERA_ROAD_DIRECTION (ROAD_ID, DIRECTION) VALUES ('28',TRUE);
--INSERT INTO NT_CAMERA_ROAD_DIRECTION (ROAD_ID, DIRECTION) VALUES ('29',TRUE);
--INSERT INTO NT_CAMERA_ROAD_DIRECTION (ROAD_ID, DIRECTION) VALUES ('30',TRUE);
--INSERT INTO NT_CAMERA_ROAD_DIRECTION (ROAD_ID, DIRECTION) VALUES ('31',TRUE);
--INSERT INTO NT_CAMERA_ROAD_DIRECTION (ROAD_ID, DIRECTION) VALUES ('32',TRUE);
--INSERT INTO NT_CAMERA_ROAD_DIRECTION (ROAD_ID, DIRECTION) VALUES ('33',TRUE);
--INSERT INTO NT_CAMERA_ROAD_DIRECTION (ROAD_ID, DIRECTION) VALUES ('34',TRUE);
--INSERT INTO NT_CAMERA_ROAD_DIRECTION (ROAD_ID, DIRECTION) VALUES ('35',TRUE);
--INSERT INTO NT_CAMERA_ROAD_DIRECTION (ROAD_ID, DIRECTION) VALUES ('36',TRUE);
--INSERT INTO NT_CAMERA_ROAD_DIRECTION (ROAD_ID, DIRECTION) VALUES ('37',TRUE);
--INSERT INTO NT_CAMERA_ROAD_DIRECTION (ROAD_ID, DIRECTION) VALUES ('38',TRUE);
--INSERT INTO NT_CAMERA_ROAD_DIRECTION (ROAD_ID, DIRECTION) VALUES ('39',TRUE);
--INSERT INTO NT_CAMERA_ROAD_DIRECTION (ROAD_ID, DIRECTION) VALUES ('40',TRUE);
--INSERT INTO NT_CAMERA_ROAD_DIRECTION (ROAD_ID, DIRECTION) VALUES ('41',TRUE);
--INSERT INTO NT_CAMERA_ROAD_DIRECTION (ROAD_ID, DIRECTION) VALUES ('42',TRUE);
--INSERT INTO NT_CAMERA_ROAD_DIRECTION (ROAD_ID, DIRECTION) VALUES ('43',TRUE);
--INSERT INTO NT_CAMERA_ROAD_DIRECTION (ROAD_ID, DIRECTION) VALUES ('44',TRUE);
--INSERT INTO NT_CAMERA_ROAD_DIRECTION (ROAD_ID, DIRECTION) VALUES ('45',TRUE);
--INSERT INTO NT_CAMERA_ROAD_DIRECTION (ROAD_ID, DIRECTION) VALUES ('46',TRUE);
--INSERT INTO NT_CAMERA_ROAD_DIRECTION (ROAD_ID, DIRECTION) VALUES ('47',TRUE);
--INSERT INTO NT_CAMERA_ROAD_DIRECTION (ROAD_ID, DIRECTION) VALUES ('48',TRUE);
--INSERT INTO NT_CAMERA_ROAD_DIRECTION (ROAD_ID, DIRECTION) VALUES ('49',TRUE);
--INSERT INTO NT_CAMERA_ROAD_DIRECTION (ROAD_ID, DIRECTION) VALUES ('50',TRUE);
--INSERT INTO NT_CAMERA_ROAD_DIRECTION (ROAD_ID, DIRECTION) VALUES ('51',TRUE);
--INSERT INTO NT_CAMERA_ROAD_DIRECTION (ROAD_ID, DIRECTION) VALUES ('52',TRUE);
--INSERT INTO NT_CAMERA_ROAD_DIRECTION (ROAD_ID, DIRECTION) VALUES ('53',TRUE);
--INSERT INTO NT_CAMERA_ROAD_DIRECTION (ROAD_ID, DIRECTION) VALUES ('54',TRUE);
--INSERT INTO NT_CAMERA_ROAD_DIRECTION (ROAD_ID, DIRECTION) VALUES ('55',TRUE);
--INSERT INTO NT_CAMERA_ROAD_DIRECTION (ROAD_ID, DIRECTION) VALUES ('56',TRUE);
--INSERT INTO NT_CAMERA_ROAD_DIRECTION (ROAD_ID, DIRECTION) VALUES ('57',TRUE);
--INSERT INTO NT_CAMERA_ROAD_DIRECTION (ROAD_ID, DIRECTION) VALUES ('58',TRUE);
--INSERT INTO NT_CAMERA_ROAD_DIRECTION (ROAD_ID, DIRECTION) VALUES ('59',TRUE);
--INSERT INTO NT_CAMERA_ROAD_DIRECTION (ROAD_ID, DIRECTION) VALUES ('60',TRUE);
--INSERT INTO NT_CAMERA_ROAD_DIRECTION (ROAD_ID, DIRECTION) VALUES ('61',TRUE);
--INSERT INTO NT_CAMERA_ROAD_DIRECTION (ROAD_ID, DIRECTION) VALUES ('62',TRUE);
--INSERT INTO NT_CAMERA_ROAD_DIRECTION (ROAD_ID, DIRECTION) VALUES ('63',TRUE);
--INSERT INTO NT_CAMERA_ROAD_DIRECTION (ROAD_ID, DIRECTION) VALUES ('64',TRUE);
--INSERT INTO NT_CAMERA_ROAD_DIRECTION (ROAD_ID, DIRECTION) VALUES ('65',TRUE);
--INSERT INTO NT_CAMERA_ROAD_DIRECTION (ROAD_ID, DIRECTION) VALUES ('66',TRUE);
--INSERT INTO NT_CAMERA_ROAD_DIRECTION (ROAD_ID, DIRECTION) VALUES ('67',TRUE);
--INSERT INTO NT_CAMERA_ROAD_DIRECTION (ROAD_ID, DIRECTION) VALUES ('68',TRUE);
--INSERT INTO NT_CAMERA_ROAD_DIRECTION (ROAD_ID, DIRECTION) VALUES ('69',TRUE);
--INSERT INTO NT_CAMERA_ROAD_DIRECTION (ROAD_ID, DIRECTION) VALUES ('70',TRUE);
--INSERT INTO NT_CAMERA_ROAD_DIRECTION (ROAD_ID, DIRECTION) VALUES ('71',TRUE);
--INSERT INTO NT_CAMERA_ROAD_DIRECTION (ROAD_ID, DIRECTION) VALUES ('72',TRUE);
--
--INSERT INTO NT_CAMERA_ROAD_LANE (ROAD_ID, LANE) VALUES ('1','123.12 80.00 128.15 20.5 100.1 81.00 108.1 20.9');
--INSERT INTO NT_CAMERA_ROAD_LANE (ROAD_ID, LANE) VALUES ('1','100.12 80.00 108.15 20.5 80.1 81.00 88.1 20.9');
--INSERT INTO NT_CAMERA_ROAD_LANE (ROAD_ID, LANE) VALUES ('2','123.12 80.00 128.15 20.5 100.1 81.00 108.1 20.9');
--INSERT INTO NT_CAMERA_ROAD_LANE (ROAD_ID, LANE) VALUES ('2','100.12 80.00 108.15 20.5 80.1 81.00 88.1 20.10');
--INSERT INTO NT_CAMERA_ROAD_LANE (ROAD_ID, LANE) VALUES ('3','123.12 80.00 128.15 20.5 100.1 81.00 108.1 20.9');
--INSERT INTO NT_CAMERA_ROAD_LANE (ROAD_ID, LANE) VALUES ('3','100.12 80.00 108.15 20.5 80.1 81.00 88.1 20.11');
--INSERT INTO NT_CAMERA_ROAD_LANE (ROAD_ID, LANE) VALUES ('4','123.12 80.00 128.15 20.5 100.1 81.00 108.1 20.9');
--INSERT INTO NT_CAMERA_ROAD_LANE (ROAD_ID, LANE) VALUES ('4','100.12 80.00 108.15 20.5 80.1 81.00 88.1 20.12');
--INSERT INTO NT_CAMERA_ROAD_LANE (ROAD_ID, LANE) VALUES ('5','123.12 80.00 128.15 20.5 100.1 81.00 108.1 20.9');
--INSERT INTO NT_CAMERA_ROAD_LANE (ROAD_ID, LANE) VALUES ('5','100.12 80.00 108.15 20.5 80.1 81.00 88.1 20.13');
--INSERT INTO NT_CAMERA_ROAD_LANE (ROAD_ID, LANE) VALUES ('6','123.12 80.00 128.15 20.5 100.1 81.00 108.1 20.9');
--INSERT INTO NT_CAMERA_ROAD_LANE (ROAD_ID, LANE) VALUES ('6','100.12 80.00 108.15 20.5 80.1 81.00 88.1 20.14');
--INSERT INTO NT_CAMERA_ROAD_LANE (ROAD_ID, LANE) VALUES ('7','123.12 80.00 128.15 20.5 100.1 81.00 108.1 20.9');
--INSERT INTO NT_CAMERA_ROAD_LANE (ROAD_ID, LANE) VALUES ('7','100.12 80.00 108.15 20.5 80.1 81.00 88.1 20.15');
--INSERT INTO NT_CAMERA_ROAD_LANE (ROAD_ID, LANE) VALUES ('8', '123.12 80.00 128.15 20.5 100.1 81.00 108.1 20.9');
--INSERT INTO NT_CAMERA_ROAD_LANE (ROAD_ID, LANE) VALUES ('8', '100.12 80.00 108.15 20.5 80.1 81.00 88.1 20.16');
--INSERT INTO NT_CAMERA_ROAD_LANE (ROAD_ID, LANE) VALUES ('9', '123.12 80.00 128.15 20.5 100.1 81.00 108.1 20.9');
--INSERT INTO NT_CAMERA_ROAD_LANE (ROAD_ID, LANE) VALUES ('9', '100.12 80.00 108.15 20.5 80.1 81.00 88.1 20.17');
--INSERT INTO NT_CAMERA_ROAD_LANE (ROAD_ID, LANE) VALUES ('10','123.12 80.00 128.15 20.5 100.1 81.00 108.1 20.9');
--INSERT INTO NT_CAMERA_ROAD_LANE (ROAD_ID, LANE) VALUES ('10','100.12 80.00 108.15 20.5 80.1 81.00 88.1 20.18');
--INSERT INTO NT_CAMERA_ROAD_LANE (ROAD_ID, LANE) VALUES ('11','123.12 80.00 128.15 20.5 100.1 81.00 108.1 20.9');
--INSERT INTO NT_CAMERA_ROAD_LANE (ROAD_ID, LANE) VALUES ('11','100.12 80.00 108.15 20.5 80.1 81.00 88.1 20.19');
--INSERT INTO NT_CAMERA_ROAD_LANE (ROAD_ID, LANE) VALUES ('12','123.12 80.00 128.15 20.5 100.1 81.00 108.1 20.9');
--INSERT INTO NT_CAMERA_ROAD_LANE (ROAD_ID, LANE) VALUES ('12','100.12 80.00 108.15 20.5 80.1 81.00 88.1 20.20');
--INSERT INTO NT_CAMERA_ROAD_LANE (ROAD_ID, LANE) VALUES ('13','123.12 80.00 128.15 20.5 100.1 81.00 108.1 20.9');
--INSERT INTO NT_CAMERA_ROAD_LANE (ROAD_ID, LANE) VALUES ('13','100.12 80.00 108.15 20.5 80.1 81.00 88.1 20.21');
--INSERT INTO NT_CAMERA_ROAD_LANE (ROAD_ID, LANE) VALUES ('14','123.12 80.00 128.15 20.5 100.1 81.00 108.1 20.9');
--INSERT INTO NT_CAMERA_ROAD_LANE (ROAD_ID, LANE) VALUES ('14','100.12 80.00 108.15 20.5 80.1 81.00 88.1 20.22');
--INSERT INTO NT_CAMERA_ROAD_LANE (ROAD_ID, LANE) VALUES ('15','123.12 80.00 128.15 20.5 100.1 81.00 108.1 20.9');
--INSERT INTO NT_CAMERA_ROAD_LANE (ROAD_ID, LANE) VALUES ('15','100.12 80.00 108.15 20.5 80.1 81.00 88.1 20.23');
--INSERT INTO NT_CAMERA_ROAD_LANE (ROAD_ID, LANE) VALUES ('16','123.12 80.00 128.15 20.5 100.1 81.00 108.1 20.9');
--INSERT INTO NT_CAMERA_ROAD_LANE (ROAD_ID, LANE) VALUES ('16','100.12 80.00 108.15 20.5 80.1 81.00 88.1 20.24');
--INSERT INTO NT_CAMERA_ROAD_LANE (ROAD_ID, LANE) VALUES ('17','123.12 80.00 128.15 20.5 100.1 81.00 108.1 20.9');
--INSERT INTO NT_CAMERA_ROAD_LANE (ROAD_ID, LANE) VALUES ('17','100.12 80.00 108.15 20.5 80.1 81.00 88.1 20.25');
--INSERT INTO NT_CAMERA_ROAD_LANE (ROAD_ID, LANE) VALUES ('18','123.12 80.00 128.15 20.5 100.1 81.00 108.1 20.9');
--INSERT INTO NT_CAMERA_ROAD_LANE (ROAD_ID, LANE) VALUES ('18','100.12 80.00 108.15 20.5 80.1 81.00 88.1 20.26');
--INSERT INTO NT_CAMERA_ROAD_LANE (ROAD_ID, LANE) VALUES ('19','123.12 80.00 128.15 20.5 100.1 81.00 108.1 20.9');
--INSERT INTO NT_CAMERA_ROAD_LANE (ROAD_ID, LANE) VALUES ('19','100.12 80.00 108.15 20.5 80.1 81.00 88.1 20.27');
--INSERT INTO NT_CAMERA_ROAD_LANE (ROAD_ID, LANE) VALUES ('21','123.12 80.00 128.15 20.5 100.1 81.00 108.1 20.9');
--INSERT INTO NT_CAMERA_ROAD_LANE (ROAD_ID, LANE) VALUES ('21','100.12 80.00 108.15 20.5 80.1 81.00 88.1 20.29');
--INSERT INTO NT_CAMERA_ROAD_LANE (ROAD_ID, LANE) VALUES ('22','123.12 80.00 128.15 20.5 100.1 81.00 108.1 20.9');
--INSERT INTO NT_CAMERA_ROAD_LANE (ROAD_ID, LANE) VALUES ('22','100.12 80.00 108.15 20.5 80.1 81.00 88.1 20.30');
--INSERT INTO NT_CAMERA_ROAD_LANE (ROAD_ID, LANE) VALUES ('23','123.12 80.00 128.15 20.5 100.1 81.00 108.1 20.9');
--INSERT INTO NT_CAMERA_ROAD_LANE (ROAD_ID, LANE) VALUES ('23','100.12 80.00 108.15 20.5 80.1 81.00 88.1 20.31');
--INSERT INTO NT_CAMERA_ROAD_LANE (ROAD_ID, LANE) VALUES ('24','123.12 80.00 128.15 20.5 100.1 81.00 108.1 20.9');
--INSERT INTO NT_CAMERA_ROAD_LANE (ROAD_ID, LANE) VALUES ('24','100.12 80.00 108.15 20.5 80.1 81.00 88.1 20.32');
--INSERT INTO NT_CAMERA_ROAD_LANE (ROAD_ID, LANE) VALUES ('25','123.12 80.00 128.15 20.5 100.1 81.00 108.1 20.9');
--INSERT INTO NT_CAMERA_ROAD_LANE (ROAD_ID, LANE) VALUES ('25','100.12 80.00 108.15 20.5 80.1 81.00 88.1 20.33');
--INSERT INTO NT_CAMERA_ROAD_LANE (ROAD_ID, LANE) VALUES ('26','123.12 80.00 128.15 20.5 100.1 81.00 108.1 20.9');
--INSERT INTO NT_CAMERA_ROAD_LANE (ROAD_ID, LANE) VALUES ('26','100.12 80.00 108.15 20.5 80.1 81.00 88.1 20.34');
--INSERT INTO NT_CAMERA_ROAD_LANE (ROAD_ID, LANE) VALUES ('27','123.12 80.00 128.15 20.5 100.1 81.00 108.1 20.9');
--INSERT INTO NT_CAMERA_ROAD_LANE (ROAD_ID, LANE) VALUES ('27','100.12 80.00 108.15 20.5 80.1 81.00 88.1 20.35');
--INSERT INTO NT_CAMERA_ROAD_LANE (ROAD_ID, LANE) VALUES ('28','123.12 80.00 128.15 20.5 100.1 81.00 108.1 20.9');
--INSERT INTO NT_CAMERA_ROAD_LANE (ROAD_ID, LANE) VALUES ('28','100.12 80.00 108.15 20.5 80.1 81.00 88.1 20.36');
--INSERT INTO NT_CAMERA_ROAD_LANE (ROAD_ID, LANE) VALUES ('29','123.12 80.00 128.15 20.5 100.1 81.00 108.1 20.9');
--INSERT INTO NT_CAMERA_ROAD_LANE (ROAD_ID, LANE) VALUES ('29','100.12 80.00 108.15 20.5 80.1 81.00 88.1 20.37');
--INSERT INTO NT_CAMERA_ROAD_LANE (ROAD_ID, LANE) VALUES ('30','123.12 80.00 128.15 20.5 100.1 81.00 108.1 20.9');
--INSERT INTO NT_CAMERA_ROAD_LANE (ROAD_ID, LANE) VALUES ('30','100.12 80.00 108.15 20.5 80.1 81.00 88.1 20.38');
--INSERT INTO NT_CAMERA_ROAD_LANE (ROAD_ID, LANE) VALUES ('31','123.12 80.00 128.15 20.5 100.1 81.00 108.1 20.9');
--INSERT INTO NT_CAMERA_ROAD_LANE (ROAD_ID, LANE) VALUES ('31','100.12 80.00 108.15 20.5 80.1 81.00 88.1 20.39');
--INSERT INTO NT_CAMERA_ROAD_LANE (ROAD_ID, LANE) VALUES ('32','123.12 80.00 128.15 20.5 100.1 81.00 108.1 20.9');
--INSERT INTO NT_CAMERA_ROAD_LANE (ROAD_ID, LANE) VALUES ('32','100.12 80.00 108.15 20.5 80.1 81.00 88.1 20.40');
--INSERT INTO NT_CAMERA_ROAD_LANE (ROAD_ID, LANE) VALUES ('33','123.12 80.00 128.15 20.5 100.1 81.00 108.1 20.9');
--INSERT INTO NT_CAMERA_ROAD_LANE (ROAD_ID, LANE) VALUES ('33','100.12 80.00 108.15 20.5 80.1 81.00 88.1 20.41');
--INSERT INTO NT_CAMERA_ROAD_LANE (ROAD_ID, LANE) VALUES ('34','123.12 80.00 128.15 20.5 100.1 81.00 108.1 20.9');
--INSERT INTO NT_CAMERA_ROAD_LANE (ROAD_ID, LANE) VALUES ('34','100.12 80.00 108.15 20.5 80.1 81.00 88.1 20.42');
--INSERT INTO NT_CAMERA_ROAD_LANE (ROAD_ID, LANE) VALUES ('35','123.12 80.00 128.15 20.5 100.1 81.00 108.1 20.9');
--INSERT INTO NT_CAMERA_ROAD_LANE (ROAD_ID, LANE) VALUES ('35','100.12 80.00 108.15 20.5 80.1 81.00 88.1 20.43');
--INSERT INTO NT_CAMERA_ROAD_LANE (ROAD_ID, LANE) VALUES ('36','123.12 80.00 128.15 20.5 100.1 81.00 108.1 20.9');
--INSERT INTO NT_CAMERA_ROAD_LANE (ROAD_ID, LANE) VALUES ('36','100.12 80.00 108.15 20.5 80.1 81.00 88.1 20.44');
--INSERT INTO NT_CAMERA_ROAD_LANE (ROAD_ID, LANE) VALUES ('37','123.12 80.00 128.15 20.5 100.1 81.00 108.1 20.9');
--INSERT INTO NT_CAMERA_ROAD_LANE (ROAD_ID, LANE) VALUES ('37','100.12 80.00 108.15 20.5 80.1 81.00 88.1 20.45');
--INSERT INTO NT_CAMERA_ROAD_LANE (ROAD_ID, LANE) VALUES ('38','123.12 80.00 128.15 20.5 100.1 81.00 108.1 20.9');
--INSERT INTO NT_CAMERA_ROAD_LANE (ROAD_ID, LANE) VALUES ('38','100.12 80.00 108.15 20.5 80.1 81.00 88.1 20.46');
--INSERT INTO NT_CAMERA_ROAD_LANE (ROAD_ID, LANE) VALUES ('39','123.12 80.00 128.15 20.5 100.1 81.00 108.1 20.9');
--INSERT INTO NT_CAMERA_ROAD_LANE (ROAD_ID, LANE) VALUES ('39','100.12 80.00 108.15 20.5 80.1 81.00 88.1 20.47');
--INSERT INTO NT_CAMERA_ROAD_LANE (ROAD_ID, LANE) VALUES ('40','123.12 80.00 128.15 20.5 100.1 81.00 108.1 20.9');
--INSERT INTO NT_CAMERA_ROAD_LANE (ROAD_ID, LANE) VALUES ('40','100.12 80.00 108.15 20.5 80.1 81.00 88.1 20.48');
--INSERT INTO NT_CAMERA_ROAD_LANE (ROAD_ID, LANE) VALUES ('41','123.12 80.00 128.15 20.5 100.1 81.00 108.1 20.9');
--INSERT INTO NT_CAMERA_ROAD_LANE (ROAD_ID, LANE) VALUES ('41','100.12 80.00 108.15 20.5 80.1 81.00 88.1 20.49');
--INSERT INTO NT_CAMERA_ROAD_LANE (ROAD_ID, LANE) VALUES ('42','123.12 80.00 128.15 20.5 100.1 81.00 108.1 20.9');
--INSERT INTO NT_CAMERA_ROAD_LANE (ROAD_ID, LANE) VALUES ('42','100.12 80.00 108.15 20.5 80.1 81.00 88.1 20.50');
--INSERT INTO NT_CAMERA_ROAD_LANE (ROAD_ID, LANE) VALUES ('43','123.12 80.00 128.15 20.5 100.1 81.00 108.1 20.9');
--INSERT INTO NT_CAMERA_ROAD_LANE (ROAD_ID, LANE) VALUES ('43','100.12 80.00 108.15 20.5 80.1 81.00 88.1 20.51');
--INSERT INTO NT_CAMERA_ROAD_LANE (ROAD_ID, LANE) VALUES ('44','123.12 80.00 128.15 20.5 100.1 81.00 108.1 20.9');
--INSERT INTO NT_CAMERA_ROAD_LANE (ROAD_ID, LANE) VALUES ('44','100.12 80.00 108.15 20.5 80.1 81.00 88.1 20.52');
--INSERT INTO NT_CAMERA_ROAD_LANE (ROAD_ID, LANE) VALUES ('45','123.12 80.00 128.15 20.5 100.1 81.00 108.1 20.9');
--INSERT INTO NT_CAMERA_ROAD_LANE (ROAD_ID, LANE) VALUES ('45','100.12 80.00 108.15 20.5 80.1 81.00 88.1 20.53');
--INSERT INTO NT_CAMERA_ROAD_LANE (ROAD_ID, LANE) VALUES ('46','123.12 80.00 128.15 20.5 100.1 81.00 108.1 20.9');
--INSERT INTO NT_CAMERA_ROAD_LANE (ROAD_ID, LANE) VALUES ('46','100.12 80.00 108.15 20.5 80.1 81.00 88.1 20.54');
--INSERT INTO NT_CAMERA_ROAD_LANE (ROAD_ID, LANE) VALUES ('47','123.12 80.00 128.15 20.5 100.1 81.00 108.1 20.9');
--INSERT INTO NT_CAMERA_ROAD_LANE (ROAD_ID, LANE) VALUES ('47','100.12 80.00 108.15 20.5 80.1 81.00 88.1 20.55');
--INSERT INTO NT_CAMERA_ROAD_LANE (ROAD_ID, LANE) VALUES ('48','123.12 80.00 128.15 20.5 100.1 81.00 108.1 20.9');
--INSERT INTO NT_CAMERA_ROAD_LANE (ROAD_ID, LANE) VALUES ('48','100.12 80.00 108.15 20.5 80.1 81.00 88.1 20.56');
--INSERT INTO NT_CAMERA_ROAD_LANE (ROAD_ID, LANE) VALUES ('49','123.12 80.00 128.15 20.5 100.1 81.00 108.1 20.9');
--INSERT INTO NT_CAMERA_ROAD_LANE (ROAD_ID, LANE) VALUES ('49','100.12 80.00 108.15 20.5 80.1 81.00 88.1 20.57');
--INSERT INTO NT_CAMERA_ROAD_LANE (ROAD_ID, LANE) VALUES ('50','123.12 80.00 128.15 20.5 100.1 81.00 108.1 20.9');
--INSERT INTO NT_CAMERA_ROAD_LANE (ROAD_ID, LANE) VALUES ('50','100.12 80.00 108.15 20.5 80.1 81.00 88.1 20.58');
--INSERT INTO NT_CAMERA_ROAD_LANE (ROAD_ID, LANE) VALUES ('51','123.12 80.00 128.15 20.5 100.1 81.00 108.1 20.9');
--INSERT INTO NT_CAMERA_ROAD_LANE (ROAD_ID, LANE) VALUES ('51','100.12 80.00 108.15 20.5 80.1 81.00 88.1 20.59');
--INSERT INTO NT_CAMERA_ROAD_LANE (ROAD_ID, LANE) VALUES ('52','123.12 80.00 128.15 20.5 100.1 81.00 108.1 20.9');
--INSERT INTO NT_CAMERA_ROAD_LANE (ROAD_ID, LANE) VALUES ('52','100.12 80.00 108.15 20.5 80.1 81.00 88.1 20.60');
--INSERT INTO NT_CAMERA_ROAD_LANE (ROAD_ID, LANE) VALUES ('53','123.12 80.00 128.15 20.5 100.1 81.00 108.1 20.9');
--INSERT INTO NT_CAMERA_ROAD_LANE (ROAD_ID, LANE) VALUES ('53','100.12 80.00 108.15 20.5 80.1 81.00 88.1 20.61');
--INSERT INTO NT_CAMERA_ROAD_LANE (ROAD_ID, LANE) VALUES ('54','123.12 80.00 128.15 20.5 100.1 81.00 108.1 20.9');
--INSERT INTO NT_CAMERA_ROAD_LANE (ROAD_ID, LANE) VALUES ('54','100.12 80.00 108.15 20.5 80.1 81.00 88.1 20.62');
--INSERT INTO NT_CAMERA_ROAD_LANE (ROAD_ID, LANE) VALUES ('55','123.12 80.00 128.15 20.5 100.1 81.00 108.1 20.9');
--INSERT INTO NT_CAMERA_ROAD_LANE (ROAD_ID, LANE) VALUES ('55','100.12 80.00 108.15 20.5 80.1 81.00 88.1 20.63');
--INSERT INTO NT_CAMERA_ROAD_LANE (ROAD_ID, LANE) VALUES ('56','123.12 80.00 128.15 20.5 100.1 81.00 108.1 20.9');
--INSERT INTO NT_CAMERA_ROAD_LANE (ROAD_ID, LANE) VALUES ('56','100.12 80.00 108.15 20.5 80.1 81.00 88.1 20.64');
--INSERT INTO NT_CAMERA_ROAD_LANE (ROAD_ID, LANE) VALUES ('57','123.12 80.00 128.15 20.5 100.1 81.00 108.1 20.9');
--INSERT INTO NT_CAMERA_ROAD_LANE (ROAD_ID, LANE) VALUES ('57','100.12 80.00 108.15 20.5 80.1 81.00 88.1 20.65');
--INSERT INTO NT_CAMERA_ROAD_LANE (ROAD_ID, LANE) VALUES ('58','123.12 80.00 128.15 20.5 100.1 81.00 108.1 20.9');
--INSERT INTO NT_CAMERA_ROAD_LANE (ROAD_ID, LANE) VALUES ('58','100.12 80.00 108.15 20.5 80.1 81.00 88.1 20.66');
--INSERT INTO NT_CAMERA_ROAD_LANE (ROAD_ID, LANE) VALUES ('59','123.12 80.00 128.15 20.5 100.1 81.00 108.1 20.9');
--INSERT INTO NT_CAMERA_ROAD_LANE (ROAD_ID, LANE) VALUES ('59','100.12 80.00 108.15 20.5 80.1 81.00 88.1 20.67');
--INSERT INTO NT_CAMERA_ROAD_LANE (ROAD_ID, LANE) VALUES ('60','123.12 80.00 128.15 20.5 100.1 81.00 108.1 20.9');
--INSERT INTO NT_CAMERA_ROAD_LANE (ROAD_ID, LANE) VALUES ('60','100.12 80.00 108.15 20.5 80.1 81.00 88.1 20.68');
--INSERT INTO NT_CAMERA_ROAD_LANE (ROAD_ID, LANE) VALUES ('61','123.12 80.00 128.15 20.5 100.1 81.00 108.1 20.9');
--INSERT INTO NT_CAMERA_ROAD_LANE (ROAD_ID, LANE) VALUES ('61','100.12 80.00 108.15 20.5 80.1 81.00 88.1 20.69');
--INSERT INTO NT_CAMERA_ROAD_LANE (ROAD_ID, LANE) VALUES ('62','123.12 80.00 128.15 20.5 100.1 81.00 108.1 20.9');
--INSERT INTO NT_CAMERA_ROAD_LANE (ROAD_ID, LANE) VALUES ('62','100.12 80.00 108.15 20.5 80.1 81.00 88.1 20.70');
--INSERT INTO NT_CAMERA_ROAD_LANE (ROAD_ID, LANE) VALUES ('63','123.12 80.00 128.15 20.5 100.1 81.00 108.1 20.9');
--INSERT INTO NT_CAMERA_ROAD_LANE (ROAD_ID, LANE) VALUES ('63','100.12 80.00 108.15 20.5 80.1 81.00 88.1 20.71');
--INSERT INTO NT_CAMERA_ROAD_LANE (ROAD_ID, LANE) VALUES ('64','123.12 80.00 128.15 20.5 100.1 81.00 108.1 20.9');
--INSERT INTO NT_CAMERA_ROAD_LANE (ROAD_ID, LANE) VALUES ('64','100.12 80.00 108.15 20.5 80.1 81.00 88.1 20.72');
--INSERT INTO NT_CAMERA_ROAD_LANE (ROAD_ID, LANE) VALUES ('65','123.12 80.00 128.15 20.5 100.1 81.00 108.1 20.9');
--INSERT INTO NT_CAMERA_ROAD_LANE (ROAD_ID, LANE) VALUES ('65','100.12 80.00 108.15 20.5 80.1 81.00 88.1 20.73');
--INSERT INTO NT_CAMERA_ROAD_LANE (ROAD_ID, LANE) VALUES ('66','123.12 80.00 128.15 20.5 100.1 81.00 108.1 20.9');
--INSERT INTO NT_CAMERA_ROAD_LANE (ROAD_ID, LANE) VALUES ('66','100.12 80.00 108.15 20.5 80.1 81.00 88.1 20.74');
--INSERT INTO NT_CAMERA_ROAD_LANE (ROAD_ID, LANE) VALUES ('67','123.12 80.00 128.15 20.5 100.1 81.00 108.1 20.9');
--INSERT INTO NT_CAMERA_ROAD_LANE (ROAD_ID, LANE) VALUES ('67','100.12 80.00 108.15 20.5 80.1 81.00 88.1 20.75');
--INSERT INTO NT_CAMERA_ROAD_LANE (ROAD_ID, LANE) VALUES ('68','123.12 80.00 128.15 20.5 100.1 81.00 108.1 20.9');
--INSERT INTO NT_CAMERA_ROAD_LANE (ROAD_ID, LANE) VALUES ('68','100.12 80.00 108.15 20.5 80.1 81.00 88.1 20.76');
--INSERT INTO NT_CAMERA_ROAD_LANE (ROAD_ID, LANE) VALUES ('69','123.12 80.00 128.15 20.5 100.1 81.00 108.1 20.9');
--INSERT INTO NT_CAMERA_ROAD_LANE (ROAD_ID, LANE) VALUES ('69','100.12 80.00 108.15 20.5 80.1 81.00 88.1 20.77');
--INSERT INTO NT_CAMERA_ROAD_LANE (ROAD_ID, LANE) VALUES ('70','123.12 80.00 128.15 20.5 100.1 81.00 108.1 20.9');
--INSERT INTO NT_CAMERA_ROAD_LANE (ROAD_ID, LANE) VALUES ('70','100.12 80.00 108.15 20.5 80.1 81.00 88.1 20.78');
--INSERT INTO NT_CAMERA_ROAD_LANE (ROAD_ID, LANE) VALUES ('71','123.12 80.00 128.15 20.5 100.1 81.00 108.1 20.9');
--INSERT INTO NT_CAMERA_ROAD_LANE (ROAD_ID, LANE) VALUES ('71','100.12 80.00 108.15 20.5 80.1 81.00 88.1 20.79');
--INSERT INTO NT_CAMERA_ROAD_LANE (ROAD_ID, LANE) VALUES ('72','123.12 80.00 128.15 20.5 100.1 81.00 108.1 20.9');
--INSERT INTO NT_CAMERA_ROAD_LANE (ROAD_ID, LANE) VALUES ('72','100.12 80.00 108.15 20.5 80.1 81.00 88.1 20.80');