INSERT INTO NT_AUTHORITY (AUTHORITY_NAME) values ('ROLE_ADMIN');
INSERT INTO NT_AUTHORITY (AUTHORITY_NAME) values ('ROLE_MANAGER');
INSERT INTO NT_AUTHORITY (AUTHORITY_NAME) values ('ROLE_USER');
INSERT INTO NT_AUTHORITY (AUTHORITY_NAME) values ('ROLE_DATA');
INSERT INTO NT_AUTHORITY (AUTHORITY_NAME) values ('ROLE_CAMERA_ADMIN');
INSERT INTO NT_AUTHORITY (AUTHORITY_NAME) values ('ROLE_CAMERA');

INSERT INTO NT_USER (USER_ID, USERNAME, PASSWORD, EMAIL, PHONE) VALUES ('admin', 'admin_name', '$2a$10$ZopyHUrwUiE1n2Y0ck.JkuHPB34PQ8U6qTHPRRg6nPYinAeOBirs.', 'admin@email...', '010-...');
INSERT INTO NT_USER (USER_ID, USERNAME, PASSWORD, EMAIL, PHONE) VALUES ('manager', 'manager_name', '$2a$10$ZopyHUrwUiE1n2Y0ck.JkuHPB34PQ8U6qTHPRRg6nPYinAeOBirs.', 'manager@email...', '010-...');
INSERT INTO NT_USER (USER_ID, USERNAME, PASSWORD, EMAIL, PHONE) VALUES ('user1', 'user_name1', '$2a$10$ZopyHUrwUiE1n2Y0ck.JkuHPB34PQ8U6qTHPRRg6nPYinAeOBirs.', 'user1@email...', '010-...');
INSERT INTO NT_USER (USER_ID, USERNAME, PASSWORD, EMAIL, PHONE) VALUES ('user2', 'user_name2', '$2a$10$ZopyHUrwUiE1n2Y0ck.JkuHPB34PQ8U6qTHPRRg6nPYinAeOBirs.', 'user2@email...', '010-...');
INSERT INTO NT_USER (USER_ID, USERNAME, PASSWORD, EMAIL, PHONE) VALUES ('algorithm', 'algorithm_name', '$2a$10$ZopyHUrwUiE1n2Y0ck.JkuHPB34PQ8U6qTHPRRg6nPYinAeOBirs.', 'algorithm@email...', '010-...');
INSERT INTO NT_USER (USER_ID, USERNAME, PASSWORD, EMAIL, PHONE) VALUES ('simulator', 'simulator_name', '$2a$10$ZopyHUrwUiE1n2Y0ck.JkuHPB34PQ8U6qTHPRRg6nPYinAeOBirs.', 'simulator@email...', '010-...');
INSERT INTO NT_USER (USER_ID, USERNAME, PASSWORD, EMAIL, PHONE) VALUES ('cameraadmin', 'cameraadmin_name', '$2a$10$ZopyHUrwUiE1n2Y0ck.JkuHPB34PQ8U6qTHPRRg6nPYinAeOBirs.', 'cameraadmin@email...', '010-...');

INSERT INTO NT_USER_AUTHORITY (USER_ID, AUTHORITY_NAME) values ('admin', 'ROLE_ADMIN');
INSERT INTO NT_USER_AUTHORITY (USER_ID, AUTHORITY_NAME) values ('manager', 'ROLE_MANAGER');
INSERT INTO NT_USER_AUTHORITY (USER_ID, AUTHORITY_NAME) values ('user1', 'ROLE_USER');
INSERT INTO NT_USER_AUTHORITY (USER_ID, AUTHORITY_NAME) values ('user2', 'ROLE_USER');
INSERT INTO NT_USER_AUTHORITY (USER_ID, AUTHORITY_NAME) values ('algorithm', 'ROLE_DATA');
INSERT INTO NT_USER_AUTHORITY (USER_ID, AUTHORITY_NAME) values ('simulator', 'ROLE_DATA');
INSERT INTO NT_USER_AUTHORITY (USER_ID, AUTHORITY_NAME) values ('cameraadmin', 'ROLE_CAMERA_ADMIN');

INSERT INTO NT_CAMERA (CAMERA_ID, PASSWORD, INTERSECTION_ID, SETTINGS_UPDATED) VALUES ('C0001', '$2a$10$ZopyHUrwUiE1n2Y0ck.JkuHPB34PQ8U6qTHPRRg6nPYinAeOBirs.', 'I0001', false);
INSERT INTO NT_CAMERA (CAMERA_ID, PASSWORD, INTERSECTION_ID, SETTINGS_UPDATED) VALUES ('C0002', '$2a$10$ZopyHUrwUiE1n2Y0ck.JkuHPB34PQ8U6qTHPRRg6nPYinAeOBirs.', 'I0001', true);
INSERT INTO NT_CAMERA (CAMERA_ID, PASSWORD, INTERSECTION_ID, SETTINGS_UPDATED) VALUES ('C0003', '$2a$10$ZopyHUrwUiE1n2Y0ck.JkuHPB34PQ8U6qTHPRRg6nPYinAeOBirs.', 'I0001', true);
INSERT INTO NT_CAMERA (CAMERA_ID, PASSWORD, INTERSECTION_ID, SETTINGS_UPDATED) VALUES ('C0004', '$2a$10$ZopyHUrwUiE1n2Y0ck.JkuHPB34PQ8U6qTHPRRg6nPYinAeOBirs.', 'I0002', false);
INSERT INTO NT_CAMERA (CAMERA_ID, PASSWORD, INTERSECTION_ID, SETTINGS_UPDATED) VALUES ('C0005', '$2a$10$ZopyHUrwUiE1n2Y0ck.JkuHPB34PQ8U6qTHPRRg6nPYinAeOBirs.', 'I0002', false);
INSERT INTO NT_CAMERA (CAMERA_ID, PASSWORD, INTERSECTION_ID, SETTINGS_UPDATED) VALUES ('C0006', '$2a$10$ZopyHUrwUiE1n2Y0ck.JkuHPB34PQ8U6qTHPRRg6nPYinAeOBirs.', 'I0002', false);